N,P,K,temperature,humidity,ph,rainfall,label
24.7,65.6,24.0,19.82,55.8,7.05,54.01,Lentil
27.7,84.1,19.6,28.67,38.3,7.14,149.32,Pigeonpeas
19.5,22.2,40.4,34.13,79.8,6.4,206.47,Coconut
64.5,58.5,64.6,34.08,89.75,6.68,126.85,Papaya
13.0,64.0,18.0,19.06,37.36,7.15,52.88,Lentil
18.2,45.3,76.2,27.61,69.83,6.89,92.1,Groundnut
79.7,59.6,52.9,35.29,82.27,6.98,241.6,Jute
24.0,10.0,19.4,34.82,83.63,7.95,97.71,Orange
25.0,14.2,9.9,34.66,94.08,7.49,119.47,Orange
84.7,69.8,62.1,27.53,76.37,5.62,115.24,Banana
63.5,62.5,47.4,28.0,89.02,6.5,133.44,Papaya
47.6,65.9,50.7,27.62,82.43,7.22,168.52,Papaya
17.7,44.4,69.4,28.68,55.82,6.61,93.02,Groundnut
75.1,45.7,46.1,25.69,84.6,5.88,183.06,Jute
33.9,125.0,191.7,19.89,88.31,6.24,152.46,Apple
120.5,68.4,58.0,29.26,71.01,6.01,112.45,Banana
40.8,75.2,92.6,21.33,28.78,7.49,67.37,Chickpea
23.3,60.9,29.5,33.62,81.28,7.26,47.84,Mungbean
82.6,69.2,63.9,32.91,73.4,6.1,123.98,Banana
41.1,67.5,17.7,34.82,63.29,7.94,66.64,Blackgram
28.1,125.7,211.1,22.81,81.12,6.32,120.57,Apple
30.1,84.2,21.8,25.43,56.28,6.48,152.71,Pigeonpeas
20.4,52.0,21.6,26.33,91.72,6.97,41.54,Mungbean
99.2,24.5,44.5,16.29,64.46,6.8,162.52,Coffee
17.1,62.5,18.8,27.44,94.37,7.4,55.68,Mungbean
98.5,41.9,47.1,26.53,93.24,6.36,176.11,Jute
13.2,78.3,26.0,22.81,42.26,7.5,42.55,Lentil
19.4,41.6,46.6,28.08,66.64,5.86,61.93,Mango
27.2,63.4,29.4,29.39,38.89,7.8,59.16,Lentil
126.0,69.9,33.7,17.21,52.46,6.95,111.08,Wheat
83.8,43.7,39.6,25.66,89.06,6.18,262.49,Rice
19.5,13.4,44.7,34.34,88.0,5.99,30.69,Pomegranate
25.7,21.7,36.2,34.96,70.93,5.11,222.41,Coconut
95.7,32.5,25.4,22.58,74.91,5.57,133.63,Coffee
90.2,45.3,50.7,30.27,79.26,6.33,175.38,Jute
19.7,14.6,52.6,24.87,94.7,5.66,67.1,Pomegranate
18.6,144.3,193.3,15.02,92.59,5.74,121.22,Apple
48.5,68.1,73.6,23.96,16.44,7.87,88.34,Chickpea
131.8,60.8,27.9,35.0,58.87,6.98,57.01,Cotton
16.4,78.7,19.9,24.72,35.98,6.43,45.09,Lentil
27.1,71.1,31.5,29.63,63.52,6.7,127.22,Pigeonpeas
99.6,44.2,47.4,24.88,89.8,6.92,204.93,Rice
114.5,65.5,65.1,32.06,93.17,6.16,112.0,Banana
27.6,24.2,27.3,30.35,94.02,5.16,179.75,Coconut
37.4,71.1,73.2,29.72,42.45,7.01,73.79,Chickpea
64.3,50.3,38.8,36.09,79.82,6.19,228.14,Jute
129.0,18.6,43.7,26.92,64.52,6.34,195.89,Coffee
34.9,56.3,26.3,33.43,49.56,6.91,167.52,Pigeonpeas
61.4,78.5,60.6,28.8,89.8,6.79,136.05,Papaya
105.8,65.5,28.0,30.8,49.11,7.97,62.2,Cotton
84.8,51.8,55.0,27.35,92.71,7.0,145.75,Banana
31.4,55.3,20.2,20.59,30.88,6.8,165.74,Pigeonpeas
70.5,42.8,36.2,29.96,62.14,7.33,89.47,Maize
28.9,126.1,219.4,17.86,80.76,5.81,63.96,Grapes
27.7,144.2,192.7,31.84,79.64,6.0,84.34,Grapes
15.5,60.2,15.5,28.22,91.36,7.21,47.58,Mungbean
27.2,18.8,39.9,32.87,74.44,5.91,195.27,Coconut
121.8,40.1,24.5,23.17,82.79,6.95,160.13,Sugarcane
19.1,47.9,21.1,25.99,47.27,3.96,54.02,Mothbeans
16.7,43.9,16.1,29.15,86.52,7.05,34.99,Mungbean
32.9,138.1,195.3,16.49,88.99,6.52,109.01,Apple
92.8,26.9,49.7,25.85,81.61,5.7,167.47,Sugarcane
51.6,73.0,58.6,36.16,94.07,6.7,154.36,Papaya
88.2,44.5,33.7,29.2,74.89,6.05,67.31,Maize
73.1,57.8,42.6,26.02,91.64,5.88,189.83,Rice
98.9,49.9,37.4,29.09,67.98,7.1,103.62,Maize
92.9,19.0,29.6,19.12,63.74,5.9,171.57,Coffee
19.5,16.5,50.8,21.92,85.62,5.66,58.97,Pomegranate
77.9,56.1,27.0,24.77,56.54,6.6,90.33,Maize
49.6,64.7,20.3,32.5,73.94,7.73,56.06,Blackgram
28.4,15.7,49.3,32.56,81.64,5.26,225.67,Coconut
109.3,47.5,43.2,33.0,91.52,7.42,187.36,Sugarcane
95.1,58.4,41.0,20.18,79.16,6.37,114.64,Maize
95.8,19.2,41.2,19.39,73.94,6.36,187.91,Coffee
109.4,17.5,36.4,25.87,74.74,6.29,176.11,Coffee
119.1,58.6,59.8,26.3,91.41,6.4,149.66,Banana
26.8,139.0,196.9,10.12,80.58,6.99,155.75,Apple
34.7,53.8,24.6,26.45,84.02,6.56,37.64,Mungbean
52.6,83.8,78.1,16.67,35.36,7.82,85.01,Chickpea
60.9,72.6,60.5,31.29,92.07,6.73,144.72,Papaya
22.9,59.5,34.9,32.24,53.41,7.42,139.24,Pigeonpeas
91.2,43.2,36.1,16.41,69.07,6.86,106.51,Wheat
113.8,31.5,45.2,29.26,94.69,5.61,214.34,Sugarcane
40.2,70.7,24.7,27.84,66.3,7.09,66.45,Blackgram
32.7,75.8,20.5,18.41,49.71,5.63,161.51,Pigeonpeas
26.9,107.6,209.1,15.2,79.27,6.18,75.01,Grapes
26.0,19.8,8.9,22.16,85.46,6.03,104.11,Orange
30.0,19.1,32.9,25.32,80.35,5.99,150.89,Coconut
82.1,35.3,40.0,32.07,89.52,6.81,233.0,Jute
120.6,17.1,30.2,17.02,74.64,6.83,144.75,Coffee
95.2,28.4,34.7,31.05,72.46,7.24,163.44,Sugarcane
9.1,8.0,40.3,29.81,87.07,6.08,33.72,Pomegranate
99.9,25.1,25.8,24.56,66.41,5.97,168.92,Coffee
123.5,57.0,25.0,13.7,65.83,6.05,102.23,Wheat
90.5,52.4,37.0,25.74,81.93,5.85,235.91,Jute
110.7,73.1,58.0,30.66,85.67,6.28,105.5,Banana
11.0,8.8,45.8,29.87,81.16,5.8,59.23,Pomegranate
18.7,45.3,27.0,27.32,84.15,7.26,46.51,Mungbean
93.9,53.1,51.1,25.84,85.72,6.96,225.42,Rice
10.2,14.6,44.0,29.36,92.48,5.57,63.39,Pomegranate
20.8,124.5,203.9,22.16,81.4,6.58,153.06,Apple
16.9,7.6,9.9,19.57,88.65,6.57,115.75,Orange
10.6,36.4,80.9,27.79,73.55,5.55,94.57,Groundnut
26.9,63.3,83.7,27.78,59.01,6.5,86.43,Groundnut
18.9,18.3,41.1,29.74,52.06,7.41,137.91,Mango
113.0,40.4,41.6,30.52,94.94,6.02,191.86,Sugarcane
97.9,37.6,44.7,20.55,90.21,6.65,195.41,Rice
89.1,31.4,30.8,22.37,87.11,7.18,247.34,Sugarcane
27.9,16.3,18.3,34.15,86.2,6.89,94.89,Orange
119.3,26.7,37.7,24.28,77.67,6.88,162.73,Sugarcane
23.5,9.4,16.3,19.82,86.04,6.01,122.3,Orange
36.6,66.4,15.6,31.73,59.2,7.8,59.4,Blackgram
25.7,80.6,24.2,19.89,58.7,7.96,49.6,Lentil
22.3,129.1,192.9,8.22,88.28,6.79,119.87,Apple
28.1,12.8,44.3,32.49,88.36,6.18,145.34,Coconut
122.9,39.4,40.3,25.5,80.24,5.54,228.03,Sugarcane
99.4,21.1,41.2,29.44,74.75,6.95,172.24,Sugarcane
32.1,149.2,217.4,11.88,92.42,5.58,108.27,Apple
28.1,129.6,201.7,19.54,91.78,6.22,104.04,Apple
93.6,67.2,18.7,17.25,73.66,6.33,81.58,Wheat
26.5,56.3,25.8,33.3,80.21,6.16,36.19,Mungbean
122.0,36.6,31.2,24.17,70.71,5.7,199.65,Coffee
121.5,69.8,58.6,34.55,84.86,5.51,147.88,Banana
92.9,59.5,35.2,32.7,81.14,6.86,211.37,Jute
39.7,76.2,21.4,30.61,77.56,7.24,79.6,Blackgram
45.7,55.6,85.2,29.73,17.07,6.75,58.43,Chickpea
20.3,19.0,47.6,30.75,82.88,6.88,183.79,Coconut
30.6,46.1,27.2,27.47,46.8,5.38,42.02,Mothbeans
18.1,48.5,21.2,25.74,87.96,6.11,39.25,Mungbean
17.8,8.7,51.0,24.74,87.09,7.02,47.48,Pomegranate
87.5,41.9,17.6,22.79,58.59,7.07,85.32,Wheat
16.7,8.3,9.9,15.49,90.92,7.88,100.7,Orange
48.7,77.9,64.8,34.8,93.87,7.0,128.46,Papaya
21.8,53.1,25.3,26.94,94.87,7.14,40.54,Mungbean
34.6,67.5,83.3,24.27,20.54,7.1,73.48,Chickpea
83.3,48.3,30.8,18.58,58.13,7.49,87.14,Wheat
23.8,6.2,8.3,21.83,85.32,7.62,115.48,Orange
118.9,21.8,49.7,28.88,89.17,7.5,247.4,Sugarcane
25.0,64.7,30.1,30.06,30.67,7.03,149.53,Pigeonpeas
24.8,23.6,40.3,26.78,82.3,5.29,219.93,Coconut
12.4,43.3,84.9,25.53,73.64,6.66,78.28,Groundnut
47.6,76.4,25.9,34.56,77.95,7.22,67.62,Blackgram
27.8,19.8,18.7,17.11,92.62,6.81,125.83,Orange
100.3,53.4,50.8,27.46,90.68,6.2,119.19,Banana
28.8,37.0,82.3,28.66,57.0,7.3,64.42,Groundnut
69.6,47.5,41.6,19.03,79.37,5.64,91.56,Maize
28.2,46.7,15.8,25.69,94.23,6.88,33.2,Mungbean
45.2,63.2,20.8,29.62,67.52,6.81,68.81,Blackgram
30.9,81.4,33.6,21.14,33.94,6.95,147.31,Pigeonpeas
101.8,21.6,32.3,15.01,74.14,6.07,134.84,Coffee
22.5,47.9,18.0,24.13,50.89,4.78,35.89,Mothbeans
18.2,49.5,17.6,25.35,82.63,7.26,42.61,Mungbean
117.6,16.5,41.3,21.2,73.9,6.17,146.77,Coffee
38.0,64.8,17.9,32.69,71.42,6.05,70.39,Blackgram
87.9,29.3,35.2,23.76,91.28,7.26,152.89,Sugarcane
21.2,17.3,15.6,28.53,80.11,6.75,98.96,Orange
16.5,48.8,81.6,29.54,77.54,6.03,84.8,Groundnut
125.6,46.1,31.2,28.97,54.77,7.27,91.73,Cotton
17.1,5.6,35.6,34.1,82.3,6.97,64.84,Pomegranate
64.6,54.0,39.4,28.44,90.75,6.95,179.2,Jute
15.7,53.0,67.8,32.81,66.1,6.61,64.53,Groundnut
94.9,21.6,45.6,23.79,75.01,6.32,206.94,Sugarcane
37.4,70.9,83.9,17.15,48.75,6.11,84.24,Chickpea
19.1,63.0,28.4,35.34,36.58,6.88,168.62,Pigeonpeas
112.5,53.7,53.9,32.37,81.33,6.97,136.38,Banana
60.9,67.6,46.1,36.71,90.58,6.93,136.79,Papaya
123.5,49.9,18.7,22.81,50.07,7.29,60.13,Wheat
25.0,39.2,40.8,34.92,76.38,6.42,111.85,Mango
33.3,65.8,28.6,30.21,32.31,6.02,170.38,Pigeonpeas
47.9,81.3,80.1,18.95,40.06,7.07,69.84,Chickpea
17.7,9.8,16.9,18.94,81.09,7.31,104.88,Orange
74.1,64.9,31.9,29.76,78.7,5.65,98.25,Maize
45.3,75.2,19.7,28.37,78.1,6.24,76.08,Blackgram
87.9,45.2,38.1,27.66,81.73,5.64,191.61,Rice
31.3,62.2,23.6,34.35,72.87,6.91,61.38,Blackgram
37.2,78.3,18.0,34.16,65.03,6.93,78.18,Blackgram
31.4,111.9,187.5,16.39,86.65,6.94,84.09,Grapes
26.0,47.4,28.4,32.52,80.61,7.38,42.61,Mungbean
113.8,22.5,39.6,22.49,57.35,5.58,181.67,Coffee
26.9,11.7,28.0,26.41,80.38,6.39,191.94,Coconut
30.9,52.6,19.3,27.92,82.39,6.82,34.44,Mungbean
15.6,73.1,28.0,27.21,44.2,5.87,122.5,Pigeonpeas
20.8,33.7,32.2,32.82,78.58,6.16,126.61,Mango
92.2,43.8,29.1,12.82,69.13,6.31,65.12,Wheat
21.3,16.4,47.8,28.05,93.58,5.87,247.74,Coconut
13.6,10.8,44.1,26.75,94.4,6.3,60.85,Pomegranate
63.4,50.5,47.7,22.68,91.37,6.63,260.74,Rice
17.4,76.1,19.0,31.43,32.84,5.68,177.08,Pigeonpeas
46.8,73.7,62.8,35.31,88.52,7.49,120.89,Papaya
79.0,51.5,40.3,26.98,83.46,5.82,244.72,Rice
86.5,50.3,50.3,31.04,71.06,6.22,212.07,Jute
128.4,67.9,67.4,25.46,76.34,6.43,101.18,Banana
105.3,60.6,63.1,33.13,88.44,6.18,81.91,Banana
142.4,59.8,21.0,28.73,57.74,7.5,64.78,Cotton
109.4,25.9,30.9,24.06,60.69,5.78,147.81,Coffee
9.7,10.1,38.0,23.79,88.48,6.31,30.22,Pomegranate
81.9,55.1,29.8,22.44,71.85,6.66,86.82,Wheat
31.9,61.8,15.8,21.94,38.14,5.81,172.23,Pigeonpeas
87.0,64.4,39.6,27.56,73.13,6.88,61.6,Maize
13.8,8.3,47.2,31.82,85.54,6.18,62.93,Pomegranate
30.1,56.9,16.3,24.2,55.65,6.74,169.06,Pigeonpeas
36.8,40.5,54.1,34.63,56.28,5.66,102.36,Mango
27.7,107.1,188.2,10.57,81.85,6.75,97.27,Grapes
79.6,40.0,44.9,20.03,73.01,6.48,115.01,Maize
114.6,39.8,33.8,16.9,56.35,6.73,135.97,Coffee
42.6,63.2,17.4,34.92,71.97,7.32,55.37,Blackgram
33.5,52.3,16.2,27.68,62.49,4.73,69.18,Mothbeans
63.0,55.9,64.6,37.35,88.97,6.92,124.84,Papaya
34.5,64.8,15.8,28.73,60.04,4.02,62.96,Mothbeans
22.7,143.4,202.0,12.34,82.76,5.74,113.07,Apple
23.3,52.5,29.3,32.95,89.6,6.46,48.01,Mungbean
40.9,79.4,20.6,26.9,66.19,7.78,68.63,Blackgram
56.2,82.4,85.0,23.61,46.2,7.41,93.98,Chickpea
32.7,62.6,25.2,23.58,37.57,5.86,140.04,Pigeonpeas
21.5,5.1,42.1,28.41,88.11,6.23,123.79,Coconut
105.5,28.1,35.0,22.17,73.39,5.98,171.27,Coffee
137.6,61.4,23.0,23.0,49.06,6.48,91.73,Cotton
43.5,61.0,59.7,36.44,85.43,6.53,150.34,Papaya
29.8,49.6,24.2,27.04,53.53,4.04,65.27,Mothbeans
38.1,60.7,25.1,28.4,72.08,6.59,78.98,Blackgram
60.8,62.9,52.6,26.65,81.15,5.59,285.36,Rice
81.2,40.7,51.0,34.26,79.53,6.38,224.14,Jute
58.2,79.2,77.8,19.37,27.22,6.36,75.92,Chickpea
34.4,143.4,192.6,9.51,84.71,6.9,109.69,Apple
9.5,8.9,47.7,28.87,92.04,6.4,44.91,Pomegranate
38.6,26.1,53.6,31.22,62.26,5.74,111.46,Mango
114.5,32.5,31.4,29.11,81.86,5.81,219.52,Sugarcane
108.5,25.6,37.3,15.71,70.51,5.71,186.39,Coffee
23.5,54.8,77.1,29.58,66.9,7.21,75.33,Groundnut
17.9,8.0,38.3,28.9,84.45,5.39,208.6,Coconut
29.4,47.7,82.4,26.12,69.68,5.67,60.39,Groundnut
30.9,141.5,186.7,12.68,78.31,5.66,73.09,Grapes
5.4,19.6,46.1,26.83,83.52,7.34,35.27,Pomegranate
104.3,26.5,38.3,26.48,60.0,5.77,152.12,Coffee
32.8,65.1,27.9,31.71,69.91,6.69,68.89,Blackgram
22.9,13.7,14.9,34.41,84.83,7.46,99.03,Orange
30.1,53.9,17.5,32.39,94.71,6.86,50.02,Mungbean
22.0,57.9,68.6,30.68,55.72,7.13,61.12,Groundnut
128.2,49.1,27.5,28.03,59.79,6.99,88.63,Cotton
26.0,24.5,34.6,28.41,90.35,6.18,221.96,Coconut
10.9,66.3,24.0,24.3,34.75,6.03,56.92,Lentil
13.9,44.5,75.1,32.55,77.71,6.22,57.4,Groundnut
29.8,130.8,213.4,16.46,85.57,6.48,112.6,Apple
97.6,61.8,46.1,21.01,70.88,6.6,67.51,Maize
19.3,54.0,81.5,25.57,77.34,6.17,51.64,Groundnut
121.6,42.8,17.4,20.87,70.29,6.83,91.05,Wheat
58.4,57.9,61.9,25.95,91.45,6.91,170.44,Papaya
10.5,18.3,48.7,22.54,85.06,6.09,62.77,Pomegranate
63.7,47.7,40.5,20.03,90.42,6.46,211.43,Rice
82.2,53.8,71.2,33.35,88.7,6.89,99.8,Banana
64.2,48.4,49.1,36.69,89.38,6.47,243.98,Jute
54.2,75.8,53.9,25.72,81.83,6.61,178.96,Papaya
29.4,56.4,24.9,26.25,57.27,6.97,38.4,Lentil
35.6,83.9,71.3,27.38,45.58,7.48,76.2,Chickpea
30.0,119.1,209.8,31.96,77.93,5.52,64.59,Grapes
90.1,60.6,54.1,23.35,89.95,6.32,252.39,Rice
23.6,64.5,23.9,27.81,49.67,3.74,37.24,Mothbeans
42.2,69.4,62.1,37.11,87.5,6.6,123.4,Papaya
26.7,48.3,21.8,33.29,88.91,6.99,36.47,Mungbean
20.3,58.0,64.6,25.76,73.82,6.59,93.62,Groundnut
43.0,78.4,16.1,30.71,63.18,6.8,66.42,Blackgram
15.0,55.9,16.0,18.2,39.6,5.5,146.7,Pigeonpeas
15.9,52.3,27.6,26.4,91.85,7.05,32.68,Mungbean
22.7,146.6,193.9,19.88,81.81,6.38,154.73,Apple
109.6,44.2,40.9,33.88,70.71,6.9,244.76,Sugarcane
24.3,52.5,66.8,31.32,71.1,6.3,73.79,Groundnut
39.6,68.4,75.0,29.16,29.92,6.87,54.12,Chickpea
14.4,49.1,72.1,32.12,58.62,7.36,72.75,Groundnut
119.6,48.8,39.5,24.26,94.22,6.89,242.88,Sugarcane
27.7,78.3,17.9,27.67,48.43,6.91,30.01,Lentil
31.0,9.4,45.1,29.26,90.29,6.96,208.19,Coconut
20.2,123.8,215.9,11.45,72.72,6.3,89.02,Grapes
134.8,64.5,34.8,27.49,48.3,6.14,69.15,Cotton
17.2,24.2,37.2,26.03,68.43,6.15,62.45,Mango
148.2,55.2,24.9,30.9,55.39,7.68,74.43,Cotton
45.5,65.0,17.2,30.88,74.33,7.7,61.8,Blackgram
110.1,24.8,38.7,17.27,84.3,6.55,156.81,Coffee
40.6,65.2,18.2,31.45,70.36,6.25,57.56,Blackgram
17.6,41.4,65.7,25.9,79.62,5.75,55.52,Groundnut
145.2,45.0,22.9,25.97,62.49,6.47,82.77,Cotton
11.2,79.1,28.0,25.93,41.15,6.83,34.72,Lentil
18.1,6.4,11.6,25.72,88.9,6.06,118.3,Orange
18.1,24.9,41.8,26.34,71.79,5.03,213.77,Coconut
107.6,59.3,73.8,28.63,90.31,5.68,140.69,Banana
10.4,5.5,49.8,22.48,81.26,5.69,59.07,Pomegranate
26.5,33.0,25.5,32.3,69.39,5.5,102.89,Mango
80.0,54.6,42.1,21.09,75.54,7.43,98.5,Maize
34.9,135.3,199.1,31.2,79.9,6.56,75.07,Grapes
113.0,69.2,72.1,25.58,85.79,6.57,126.23,Banana
20.0,58.3,24.1,21.98,57.6,6.32,43.87,Lentil
46.6,56.5,25.3,25.38,72.17,6.12,76.32,Blackgram
108.3,43.8,30.6,25.49,67.16,7.54,51.47,Cotton
23.3,67.0,16.5,21.95,32.02,7.11,46.04,Lentil
19.6,6.4,38.4,33.57,87.35,6.0,35.65,Pomegranate
73.5,59.8,38.3,26.5,62.49,7.13,82.1,Maize
117.3,65.2,32.5,34.36,45.04,7.31,92.45,Cotton
94.1,59.9,36.7,27.05,79.88,6.2,253.24,Rice
15.6,12.7,52.2,35.87,81.22,5.71,57.97,Pomegranate
71.3,56.9,43.2,26.46,87.73,6.68,207.8,Jute
37.4,72.3,15.3,33.22,67.68,7.99,69.52,Blackgram
132.5,44.8,33.7,25.56,61.36,6.5,68.59,Cotton
22.5,33.8,27.0,32.13,66.78,6.09,94.33,Mango
17.5,15.7,51.8,28.09,87.35,7.08,57.41,Pomegranate
19.6,18.0,14.7,13.68,93.14,7.49,99.62,Orange
16.4,11.2,35.3,32.94,89.07,5.8,59.43,Pomegranate
92.4,47.6,44.2,28.61,55.39,5.91,66.05,Maize
21.9,6.8,25.2,34.86,80.1,5.26,158.24,Coconut
24.6,17.5,47.3,30.37,78.38,6.57,173.81,Coconut
24.0,140.7,187.4,9.65,73.65,6.64,70.37,Grapes
17.4,22.1,28.2,31.56,92.5,6.13,245.73,Coconut
21.6,7.1,11.6,17.83,94.02,7.43,108.74,Orange
81.4,67.9,36.0,19.8,69.78,6.21,70.08,Wheat
25.0,42.6,42.5,24.44,56.59,5.91,137.69,Mango
119.1,44.5,33.6,33.15,58.82,7.83,87.03,Cotton
89.4,48.4,47.5,27.24,75.71,6.95,163.12,Sugarcane
117.3,27.1,49.5,24.18,92.13,5.68,220.9,Sugarcane
96.0,27.6,29.4,15.66,76.95,6.09,155.65,Coffee
22.9,7.5,7.2,12.35,84.57,7.47,108.1,Orange
91.0,62.6,46.8,26.83,56.56,5.78,72.44,Maize
45.1,65.2,17.6,32.23,78.54,7.21,67.65,Blackgram
37.8,20.5,42.1,28.72,78.37,5.98,138.35,Mango
29.9,21.7,32.5,32.25,77.89,6.07,147.07,Coconut
27.1,49.3,25.6,28.81,57.47,4.26,61.52,Mothbeans
60.7,51.8,45.7,32.34,85.46,6.63,208.56,Jute
15.2,41.5,26.8,24.9,56.65,4.67,30.35,Mothbeans
20.8,83.6,19.9,21.78,36.9,6.42,39.09,Lentil
142.9,53.2,15.0,34.45,50.06,7.38,56.6,Cotton
66.6,49.0,37.6,24.98,75.54,6.09,247.73,Rice
30.0,49.7,62.6,28.5,71.46,5.67,57.17,Groundnut
15.8,51.3,15.1,28.55,94.81,7.4,49.46,Mungbean
19.6,130.1,204.4,16.16,89.66,5.96,116.15,Apple
24.6,72.9,30.9,30.01,62.82,5.66,126.44,Pigeonpeas
57.6,58.1,93.9,27.22,46.06,6.59,78.51,Chickpea
23.1,65.3,33.9,30.94,49.33,6.48,136.0,Pigeonpeas
99.2,57.9,50.2,27.56,94.09,6.96,195.28,Jute
32.5,85.0,81.1,15.61,34.18,7.34,63.69,Chickpea
14.5,11.5,40.5,35.49,90.33,5.99,63.02,Pomegranate
68.8,44.0,26.5,29.38,76.99,7.32,97.56,Maize
70.5,50.4,37.4,19.18,79.53,6.44,110.38,Maize
19.7,7.3,11.9,13.69,92.96,6.23,128.8,Orange
54.2,62.3,82.4,23.87,38.3,6.21,89.05,Chickpea
16.5,137.1,214.4,10.4,82.74,6.62,144.89,Apple
16.9,60.8,73.7,32.62,55.79,6.36,95.75,Groundnut
34.6,132.4,191.5,8.66,86.94,6.0,69.69,Grapes
19.1,16.3,11.0,23.91,84.7,7.22,105.73,Orange
42.4,62.4,17.6,30.71,71.74,7.46,65.19,Blackgram
11.5,11.0,51.7,22.55,85.6,6.18,57.14,Pomegranate
22.3,116.7,190.9,32.33,74.52,5.51,75.09,Grapes
19.3,118.0,185.1,25.42,71.49,5.88,75.27,Grapes
29.0,129.0,202.3,13.4,91.72,6.54,117.21,Apple
24.7,17.4,17.0,24.45,81.93,7.27,129.09,Orange
86.5,47.6,23.4,27.35,71.15,6.02,181.42,Sugarcane
33.1,62.0,79.5,23.44,43.48,7.54,55.98,Chickpea
38.5,75.7,28.1,30.39,76.92,7.7,59.43,Blackgram
97.6,39.0,37.3,20.86,86.06,5.91,252.58,Rice
127.2,76.5,51.7,34.48,93.08,6.47,123.86,Banana
24.6,73.4,15.8,26.84,31.1,6.14,121.86,Pigeonpeas
114.5,61.8,54.1,26.25,70.35,5.67,81.11,Banana
27.1,103.6,185.5,21.14,73.09,5.78,60.51,Grapes
23.3,75.0,20.1,24.23,31.89,6.73,49.27,Lentil
88.1,22.2,45.4,25.83,77.97,7.4,157.42,Sugarcane
17.9,16.8,38.9,28.88,64.53,6.31,81.04,Mango
121.4,62.2,32.1,18.32,66.15,6.64,75.33,Wheat
94.2,73.5,66.4,31.72,87.86,6.28,97.33,Banana
28.2,51.0,25.8,26.14,43.56,5.33,33.73,Mothbeans
36.1,59.5,75.3,27.61,27.7,7.82,79.17,Chickpea
116.7,37.7,25.1,26.77,86.26,5.57,237.65,Sugarcane
122.4,63.2,57.5,32.69,76.13,6.71,103.89,Banana
122.9,62.3,30.3,29.15,47.83,6.23,88.76,Cotton
86.6,58.8,66.3,34.6,90.83,6.51,131.42,Banana
34.7,140.8,180.1,9.96,83.93,6.29,86.18,Grapes
15.8,5.5,9.0,11.65,81.52,6.45,114.81,Orange
16.3,6.0,11.1,17.46,90.68,7.74,110.99,Orange
148.4,48.7,28.9,28.38,59.4,6.48,68.8,Cotton
46.7,67.6,56.5,32.13,86.27,7.1,170.86,Papaya
68.7,60.9,26.4,24.05,62.23,7.13,103.89,Maize
24.9,24.2,51.7,30.86,78.06,6.25,109.55,Mango
110.6,30.8,26.0,18.79,66.94,5.96,186.21,Coffee
61.8,45.3,26.6,29.93,78.36,5.64,116.03,Maize
65.7,73.7,45.1,25.87,88.37,6.31,130.69,Papaya
65.3,39.6,43.7,25.27,65.4,6.6,88.25,Maize
31.0,49.3,15.0,29.83,92.36,6.75,36.33,Mungbean
39.0,58.7,88.6,21.82,17.46,7.96,95.53,Chickpea
26.2,109.5,188.3,23.17,88.78,5.68,68.55,Grapes
62.0,68.0,61.6,28.83,81.64,7.06,170.68,Papaya
48.6,62.8,46.6,30.47,94.75,6.86,157.96,Papaya
71.7,36.3,30.0,18.5,78.33,6.53,119.35,Maize
15.9,7.4,45.2,31.67,81.46,6.36,233.65,Coconut
88.3,59.2,47.9,24.75,79.19,6.61,68.05,Maize
6.3,11.7,40.5,21.58,87.58,5.85,59.87,Pomegranate
105.0,62.6,26.8,26.99,69.08,6.63,56.99,Cotton
100.1,31.0,29.0,26.54,80.91,5.83,129.03,Coffee
65.3,45.3,49.0,33.73,77.47,6.55,236.07,Jute
23.4,60.6,17.3,28.38,46.38,5.33,30.02,Mothbeans
64.1,45.3,46.1,24.0,72.27,6.41,211.91,Jute
15.2,28.9,53.1,29.33,56.65,5.54,85.3,Mango
26.8,16.6,14.9,16.87,94.02,7.25,115.54,Orange
23.2,15.9,34.2,34.78,84.2,6.41,134.71,Coconut
25.8,78.4,19.0,29.19,44.16,7.71,39.11,Lentil
93.8,44.6,33.7,18.78,68.55,7.28,111.08,Maize
99.3,32.2,32.2,23.95,69.3,6.25,168.38,Coffee
28.4,50.4,28.6,27.04,82.46,6.15,57.95,Mungbean
93.6,76.7,62.6,30.84,94.29,6.29,119.96,Banana
32.2,48.9,26.4,30.32,87.4,6.65,46.87,Mungbean
33.2,61.1,21.3,32.17,64.21,7.45,68.21,Blackgram
19.1,55.0,20.5,26.39,55.11,4.32,45.04,Mothbeans
22.5,43.8,84.2,29.33,58.3,6.19,72.19,Groundnut
38.3,82.0,90.4,22.32,36.0,7.25,69.77,Chickpea
89.2,41.0,41.2,27.96,88.0,6.16,242.11,Rice
80.2,57.9,32.0,29.87,72.01,5.74,118.5,Maize
16.0,43.9,17.0,30.89,60.86,4.65,41.17,Mothbeans
35.8,68.7,15.2,26.58,77.3,6.08,63.27,Blackgram
51.1,75.6,53.3,33.34,93.14,6.21,139.59,Papaya
26.3,14.2,9.5,16.07,87.68,6.25,111.73,Orange
147.7,51.9,30.5,22.39,51.83,7.99,74.53,Cotton
70.1,35.5,44.7,22.14,73.32,6.76,106.29,Maize
34.6,42.8,28.0,24.86,51.15,5.9,77.7,Mango
54.3,82.3,87.7,27.59,18.46,7.04,83.18,Chickpea
16.0,19.6,36.1,35.89,59.1,6.47,131.21,Mango
72.1,51.0,37.6,20.02,78.54,5.81,99.52,Maize
34.8,40.1,22.8,27.73,91.92,7.16,35.63,Mungbean
19.1,28.6,48.7,24.51,56.58,5.51,80.07,Mango
27.1,7.7,5.2,14.47,88.51,7.21,91.26,Orange
25.9,18.2,36.9,26.88,79.61,6.85,229.2,Coconut
15.1,5.4,47.5,21.0,85.27,6.36,69.83,Pomegranate
34.9,16.8,34.4,29.23,78.79,7.01,88.01,Mango
24.0,18.6,49.0,31.83,71.03,6.84,202.87,Coconut
15.8,24.4,50.4,24.78,53.83,7.34,99.77,Mango
18.1,9.9,52.9,18.94,87.68,6.38,56.59,Pomegranate
109.7,25.3,46.1,29.63,78.74,5.83,239.45,Sugarcane
31.5,66.3,20.0,29.18,57.31,7.87,72.39,Blackgram
59.9,77.0,49.7,25.95,94.22,7.36,162.19,Papaya
23.8,17.8,30.3,32.34,78.63,6.28,218.21,Coconut
48.2,55.6,16.3,28.77,65.28,6.56,62.27,Blackgram
19.0,6.2,15.2,31.33,88.91,7.94,113.33,Orange
34.0,107.0,212.8,31.56,73.41,5.53,64.02,Grapes
20.1,146.3,215.6,22.51,94.63,6.84,126.91,Apple
90.7,36.4,40.5,18.1,76.63,6.49,163.12,Coffee
64.3,68.4,62.2,33.87,91.07,6.83,123.13,Papaya
21.2,48.2,18.6,25.19,43.88,3.66,53.51,Mothbeans
84.5,37.6,32.7,30.0,72.97,6.55,106.15,Maize
27.0,140.9,193.9,8.73,88.49,6.69,141.63,Apple
34.9,41.8,25.2,34.76,86.62,6.2,52.14,Mungbean
18.1,81.6,16.6,20.71,35.54,7.32,39.86,Lentil
11.8,84.6,16.7,23.71,59.5,7.71,46.1,Lentil
26.7,6.8,9.8,10.27,84.93,6.93,121.81,Orange
66.6,47.9,43.9,26.33,93.72,6.49,246.77,Jute
53.8,61.3,89.3,23.21,26.27,6.8,67.43,Chickpea
20.6,130.5,202.5,13.12,80.71,5.56,103.13,Apple
88.8,39.0,20.1,25.56,89.03,5.84,226.45,Sugarcane
134.1,42.0,29.0,31.49,66.16,6.12,54.31,Cotton
22.5,63.4,28.1,23.35,31.22,5.74,128.51,Pigeonpeas
27.5,40.8,27.5,28.17,84.68,7.23,38.8,Mungbean
31.5,48.9,23.6,24.32,62.32,4.16,31.56,Mothbeans
48.7,66.9,47.7,27.38,91.49,7.37,176.2,Papaya
14.2,10.6,48.0,20.55,87.85,5.91,54.56,Pomegranate
25.7,18.4,16.6,31.42,93.53,7.19,94.51,Orange
62.1,63.2,44.6,26.58,83.01,5.61,255.53,Rice
31.5,71.3,16.9,32.66,30.82,5.56,127.26,Pigeonpeas
34.2,65.3,72.4,20.33,39.75,7.76,74.98,Chickpea
85.4,20.0,31.6,31.52,94.23,7.27,199.31,Sugarcane
86.5,56.0,63.2,26.01,80.4,6.99,101.26,Banana
66.8,56.9,38.3,23.04,94.79,6.46,246.83,Rice
24.6,62.0,63.5,29.41,62.7,6.3,92.04,Groundnut
126.4,69.3,34.7,34.14,48.3,7.72,78.42,Cotton
108.5,48.7,18.1,20.26,67.49,7.41,85.03,Wheat
63.5,47.7,35.6,21.75,85.11,5.54,203.86,Rice
17.5,16.0,45.5,26.25,81.15,6.25,35.87,Pomegranate
5.2,10.1,41.9,26.0,86.93,6.99,38.43,Pomegranate
32.5,60.0,18.6,25.51,92.87,6.82,32.23,Mungbean
94.3,19.6,40.2,22.96,63.01,6.35,138.47,Coffee
23.6,61.8,26.7,24.22,56.79,5.36,45.63,Mothbeans
34.2,123.2,212.1,13.41,90.61,5.8,128.83,Apple
20.3,53.8,27.6,25.21,53.84,4.13,38.79,Mothbeans
125.5,47.4,22.0,27.05,79.93,6.15,177.62,Sugarcane
39.5,83.0,85.3,26.03,45.66,7.35,89.35,Chickpea
32.2,29.7,30.6,24.83,78.89,6.07,80.97,Mango
14.1,68.8,18.7,25.24,59.69,7.59,59.18,Lentil
26.5,28.5,38.5,34.4,59.76,7.1,119.81,Mango
120.6,37.7,41.2,23.9,63.54,6.61,184.7,Coffee
115.2,40.3,43.0,29.5,84.13,7.46,216.98,Sugarcane
32.1,27.1,48.4,30.45,59.78,5.55,130.68,Mango
21.5,24.5,39.4,26.37,90.91,6.59,219.35,Coconut
78.0,50.4,41.1,31.59,84.14,6.05,181.63,Jute
22.1,47.1,72.1,27.23,74.2,5.72,62.53,Groundnut
67.2,79.1,54.4,34.4,84.15,7.47,141.46,Papaya
110.7,33.0,40.7,18.9,71.86,6.35,151.87,Coffee
101.0,62.3,18.9,16.98,52.48,6.73,78.57,Wheat
11.3,68.0,19.6,29.1,43.3,7.28,46.16,Lentil
22.0,7.3,19.5,25.59,89.96,6.61,101.53,Orange
68.6,39.0,53.7,24.57,84.45,6.68,276.9,Rice
18.3,106.9,207.8,16.15,72.9,5.83,89.94,Grapes
34.2,141.1,201.3,8.42,94.47,6.06,142.08,Apple
19.4,42.4,18.8,34.18,86.14,7.49,49.29,Mungbean
81.8,60.0,46.7,21.18,77.55,5.96,287.88,Rice
21.8,10.7,7.9,21.74,81.87,7.94,126.56,Orange
28.5,81.6,31.4,24.5,31.9,6.75,154.01,Pigeonpeas
104.8,32.7,41.5,18.46,56.22,5.61,144.31,Coffee
25.8,42.1,22.9,25.94,83.92,6.82,54.84,Mungbean
28.1,11.9,5.8,11.37,92.45,7.3,103.34,Orange
99.2,21.1,26.0,26.85,70.35,6.14,233.32,Sugarcane
24.5,16.8,17.6,25.68,83.9,7.11,127.95,Orange
18.1,123.8,201.4,19.77,80.79,6.59,158.47,Apple
24.8,134.4,207.9,26.23,88.53,6.6,69.69,Grapes
25.6,64.6,24.5,20.36,33.49,6.17,35.92,Lentil
118.0,24.3,42.1,18.64,60.4,5.7,166.07,Coffee
34.5,78.8,31.5,25.13,58.82,7.26,179.43,Pigeonpeas
103.9,35.4,33.3,26.28,81.09,5.84,172.22,Coffee
86.5,47.5,19.4,19.93,50.64,6.02,105.3,Wheat
94.6,59.3,40.3,26.3,77.16,6.81,283.03,Rice
24.2,17.2,9.0,14.26,82.07,6.92,95.05,Orange
109.8,67.0,30.2,25.19,45.16,6.82,61.65,Cotton
19.9,44.4,16.6,25.99,56.0,5.01,32.68,Mothbeans
34.9,41.4,43.6,28.08,78.13,7.07,100.87,Mango
118.7,58.5,28.3,30.01,57.08,6.98,50.33,Cotton
16.2,126.8,213.9,35.44,76.39,6.05,87.17,Grapes
9.6,12.0,38.7,18.39,92.14,6.41,53.04,Pomegranate
22.9,51.6,27.1,31.34,47.59,4.57,43.08,Mothbeans
23.1,66.0,24.2,26.6,44.33,7.5,55.56,Lentil
18.8,80.0,20.6,23.33,52.32,7.48,41.41,Lentil
99.1,17.5,30.4,18.07,67.97,6.07,131.67,Coffee
15.7,17.4,46.8,29.43,84.93,6.28,67.19,Pomegranate
18.7,50.3,23.4,25.86,43.68,3.77,58.06,Mothbeans
112.3,38.1,28.1,15.49,65.67,5.71,149.37,Coffee
24.6,42.5,20.8,29.07,53.54,5.11,35.84,Mothbeans
18.5,11.6,33.4,31.72,92.9,6.59,203.93,Coconut
84.0,47.9,39.6,26.2,70.9,5.86,150.03,Jute
53.1,76.0,83.2,15.62,48.14,6.61,79.37,Chickpea
26.8,63.4,18.1,27.79,40.85,3.81,37.66,Mothbeans
34.0,131.2,210.5,16.1,83.94,6.81,140.95,Apple
75.1,57.7,45.3,28.59,91.69,6.23,198.21,Jute
122.6,73.8,55.9,25.3,73.64,5.51,136.44,Banana
129.3,53.3,46.8,28.73,85.67,6.03,83.34,Banana
68.1,41.2,47.4,26.03,72.67,6.88,217.58,Jute
102.8,61.7,25.2,19.86,53.86,6.7,117.84,Wheat
21.2,63.7,22.7,27.09,61.78,4.88,57.81,Mothbeans
49.1,64.8,63.3,33.39,85.65,6.71,159.54,Papaya
8.9,12.0,35.6,20.08,89.87,5.87,35.59,Pomegranate
12.2,59.9,22.5,21.67,48.76,7.82,37.96,Lentil
54.0,79.1,54.6,35.98,83.27,6.09,176.33,Papaya
25.8,84.2,29.0,30.65,32.65,5.87,139.28,Pigeonpeas
106.5,36.3,28.6,18.76,74.11,6.43,141.77,Coffee
24.8,132.1,203.5,19.45,70.78,6.88,75.39,Grapes
96.7,17.6,26.3,26.42,71.45,5.54,151.76,Coffee
128.4,18.7,41.1,17.3,69.99,6.99,187.95,Coffee
122.3,69.2,35.5,19.36,66.07,6.04,115.04,Wheat
82.0,45.1,29.8,23.19,76.21,6.21,201.35,Sugarcane
16.9,125.4,195.6,21.8,82.83,6.24,143.77,Apple
58.5,57.5,50.7,26.54,84.11,6.66,173.12,Papaya
87.4,56.2,23.6,18.62,63.59,6.68,72.52,Wheat
27.9,68.5,25.8,30.25,61.14,6.19,175.1,Pigeonpeas
43.7,57.6,27.9,34.4,57.66,7.42,64.23,Blackgram
80.6,44.8,40.3,19.95,79.77,6.98,77.95,Maize
22.6,102.9,194.2,17.25,72.0,6.19,87.93,Grapes
32.2,41.4,19.5,34.64,82.05,6.39,41.39,Mungbean
113.9,54.6,31.7,12.55,59.88,6.9,50.54,Wheat
61.6,54.6,45.1,25.53,82.06,5.7,210.35,Jute
23.2,32.5,49.7,28.34,52.94,6.92,134.56,Mango
20.7,9.9,26.8,31.13,78.47,5.89,136.91,Coconut
6.4,8.7,48.7,33.22,85.61,6.45,43.79,Pomegranate
20.0,18.8,47.7,32.96,87.96,5.25,134.84,Coconut
20.5,51.0,73.8,31.05,57.85,6.42,53.82,Groundnut
16.0,64.7,18.2,31.61,84.31,6.17,37.05,Mungbean
41.4,73.5,52.1,30.84,86.13,6.67,170.09,Papaya
34.2,54.1,20.4,28.8,89.37,7.34,39.74,Mungbean
44.7,60.5,78.2,29.15,23.98,7.36,96.53,Chickpea
97.3,61.4,52.6,22.96,78.15,6.75,264.42,Rice
87.6,71.1,73.9,29.71,91.49,6.38,94.09,Banana
31.3,144.7,196.6,23.44,82.65,6.96,132.24,Apple
20.5,56.8,18.4,25.03,47.44,6.93,46.11,Lentil
84.9,66.6,18.4,17.44,66.76,7.11,116.22,Wheat
92.6,34.0,40.3,32.72,79.93,5.7,201.15,Sugarcane
26.7,119.1,205.6,14.51,81.75,6.98,69.3,Grapes
34.9,42.7,23.9,28.92,53.15,5.16,41.38,Mothbeans
34.4,118.9,184.2,33.92,73.51,6.59,72.26,Grapes
57.6,79.1,88.2,27.74,23.87,7.64,67.2,Chickpea
16.6,17.7,45.0,28.12,71.32,5.69,221.21,Coconut
43.6,75.8,21.0,30.34,78.19,7.81,73.52,Blackgram
24.7,132.2,197.3,24.0,71.99,5.6,96.36,Grapes
35.5,26.9,51.1,30.83,64.82,6.6,119.39,Mango
116.1,69.1,30.0,16.22,64.45,6.32,95.97,Wheat
128.8,32.4,28.5,22.77,73.93,6.45,165.12,Coffee
27.0,40.1,18.9,27.46,85.18,6.51,40.84,Mungbean
13.4,82.2,20.8,25.84,59.23,6.82,49.09,Lentil
57.7,65.5,75.0,24.66,28.7,6.31,64.59,Chickpea
16.2,130.5,215.5,21.87,92.29,5.94,108.65,Apple
113.3,20.8,41.2,16.19,66.99,6.88,178.74,Coffee
21.1,12.8,5.1,21.26,92.49,6.25,107.97,Orange
98.6,42.4,38.5,32.87,74.67,5.76,201.38,Jute
51.8,70.4,52.2,33.57,91.74,7.22,156.48,Papaya
8.1,14.4,54.0,29.04,84.95,6.71,30.8,Pomegranate
17.9,23.7,28.9,29.96,94.84,6.54,150.93,Coconut
23.2,20.8,28.1,31.14,52.03,7.08,77.43,Mango
31.8,11.0,48.0,25.49,80.42,5.36,207.37,Coconut
28.8,5.6,14.7,11.74,81.43,7.61,118.93,Orange
140.9,63.9,23.2,28.49,60.83,6.48,82.93,Cotton
20.2,19.0,37.1,32.99,91.55,5.69,130.97,Coconut
24.2,64.4,27.8,28.86,43.38,7.77,35.52,Lentil
52.9,62.6,62.0,37.63,80.32,6.08,166.42,Papaya
98.4,28.5,29.1,21.8,62.76,6.22,178.39,Coffee
65.6,58.7,25.7,24.65,64.22,7.11,93.1,Maize
15.7,112.0,199.5,27.26,89.09,6.48,75.01,Grapes
62.6,47.2,45.9,23.33,79.14,6.13,288.58,Rice
57.3,78.2,60.5,31.83,81.94,6.49,177.31,Papaya
58.9,67.8,60.5,34.19,84.72,7.39,146.0,Papaya
61.4,37.0,44.5,22.4,64.57,6.63,96.31,Maize
18.2,21.2,38.0,32.52,64.24,6.71,144.52,Mango
24.4,18.5,27.6,25.54,80.66,5.36,197.5,Coconut
103.3,26.8,28.1,22.8,88.81,6.83,158.57,Sugarcane
34.8,40.1,17.7,25.07,64.59,4.23,57.43,Mothbeans
25.3,47.8,28.6,31.26,54.15,4.2,42.25,Mothbeans
29.7,100.5,209.0,24.12,83.57,6.98,65.9,Grapes
87.4,54.5,65.6,28.0,80.88,5.98,138.12,Banana
50.6,73.0,51.8,34.3,91.8,6.42,165.76,Papaya
29.1,136.5,211.7,14.53,89.17,5.99,103.44,Apple
111.2,65.9,30.7,13.81,51.71,6.66,71.2,Wheat
17.5,106.4,188.2,12.51,81.25,6.78,61.4,Grapes
88.1,73.4,53.5,32.53,86.35,5.68,114.36,Banana
26.1,61.1,18.3,31.65,51.61,3.81,33.94,Mothbeans
44.8,56.1,63.6,36.85,80.38,6.91,168.48,Papaya
33.1,46.4,19.0,30.31,80.61,7.43,43.48,Mungbean
93.7,42.1,51.9,34.51,83.07,5.54,164.53,Jute
16.7,15.1,46.3,27.78,73.31,5.56,231.52,Coconut
90.6,44.7,42.2,31.87,91.68,7.14,201.53,Sugarcane
63.6,63.4,53.2,33.48,87.06,7.46,157.31,Papaya
68.8,41.6,43.7,20.23,81.72,6.52,228.52,Rice
84.2,68.0,71.0,34.01,80.18,6.05,126.02,Banana
18.3,77.9,21.1,29.62,40.61,7.61,59.25,Lentil
62.9,48.7,55.0,27.97,76.47,5.82,211.82,Rice
18.4,20.4,40.1,26.27,72.57,6.64,223.58,Coconut
119.7,29.8,35.5,26.39,78.61,6.28,156.13,Coffee
22.1,108.7,196.1,16.85,77.78,6.19,62.64,Grapes
47.7,69.2,26.9,33.57,78.83,7.78,57.71,Blackgram
28.2,11.2,39.4,28.12,92.3,5.64,145.03,Coconut
21.2,53.6,23.2,25.69,94.74,7.31,55.59,Mungbean
25.2,22.0,36.9,30.49,78.74,7.28,126.23,Mango
27.5,7.4,28.3,27.03,85.56,5.51,179.62,Coconut
61.7,40.2,53.2,28.7,81.74,6.18,154.64,Jute
40.5,75.0,64.0,26.11,83.75,6.81,140.25,Papaya
15.2,70.9,19.4,18.26,53.16,6.14,53.58,Lentil
24.8,64.3,68.3,30.64,66.85,6.08,97.2,Groundnut
28.7,21.0,47.2,28.54,94.24,5.56,124.05,Coconut
67.4,52.9,48.5,21.88,77.4,6.84,209.55,Rice
29.2,21.8,40.7,33.39,55.76,6.86,149.28,Mango
124.1,54.3,23.8,31.06,52.97,6.6,90.51,Cotton
67.0,62.6,49.9,22.76,67.38,7.37,117.73,Maize
89.6,51.6,43.6,20.08,76.5,6.82,288.47,Rice
88.0,50.8,68.9,30.93,76.03,6.66,130.86,Banana
11.5,10.1,48.1,25.66,84.27,6.27,62.85,Pomegranate
104.6,21.5,31.1,15.0,79.46,6.77,147.51,Coffee
11.8,56.8,71.1,32.94,75.09,6.08,90.28,Groundnut
24.3,139.3,217.0,15.44,81.29,6.6,155.05,Apple
80.4,44.9,45.0,32.61,91.2,6.71,211.4,Jute
76.0,41.6,55.0,24.08,76.82,5.57,193.16,Rice
18.8,121.1,213.2,15.08,76.04,6.95,86.34,Grapes
20.8,55.5,15.6,28.79,80.61,6.65,30.79,Mungbean
60.8,51.2,55.0,22.8,88.0,6.67,258.21,Rice
34.6,27.1,37.2,30.96,69.66,6.44,106.14,Mango
33.1,120.0,183.3,15.12,78.51,6.54,81.44,Grapes
105.3,52.6,56.2,32.55,79.02,6.5,90.61,Banana
63.0,72.4,53.6,30.55,82.07,6.66,173.83,Papaya
59.7,61.1,50.8,32.88,87.18,6.18,124.61,Papaya
35.5,74.5,29.5,25.63,70.7,7.95,67.37,Blackgram
105.5,67.2,23.7,20.73,70.47,7.22,66.54,Wheat
26.2,55.5,26.8,25.17,89.37,6.95,58.16,Mungbean
115.5,52.5,17.9,12.25,58.12,7.2,93.27,Wheat
54.5,80.3,91.4,20.01,36.57,7.48,91.81,Chickpea
33.7,144.3,211.3,9.22,80.03,6.9,108.92,Apple
9.5,8.5,50.4,22.45,84.09,5.75,61.36,Pomegranate
56.4,66.9,50.8,33.68,94.39,6.74,160.06,Papaya
63.2,53.1,45.6,24.55,63.03,5.66,99.66,Maize
29.6,18.0,12.7,29.5,82.82,6.56,96.57,Orange
16.6,68.9,33.2,20.66,51.91,6.61,155.63,Pigeonpeas
28.8,40.8,27.8,29.32,57.37,5.12,44.35,Mothbeans
25.0,8.9,17.5,12.31,93.52,6.68,120.13,Orange
115.3,23.1,28.3,18.59,58.59,6.68,120.71,Coffee
72.2,47.7,39.1,32.73,93.76,6.05,155.43,Jute
102.5,35.0,45.0,21.03,78.74,6.0,187.48,Coffee
29.0,80.8,22.7,27.7,33.43,6.88,157.21,Pigeonpeas
38.3,29.7,54.2,33.89,54.33,5.75,124.0,Mango
18.0,138.8,204.9,20.88,82.14,6.81,132.83,Apple
108.1,49.9,18.1,16.24,66.63,7.13,110.77,Wheat
121.5,60.9,18.5,20.47,61.22,6.01,55.55,Wheat
26.6,58.0,21.5,24.98,56.11,5.39,52.08,Mothbeans
105.4,64.6,22.1,15.58,64.67,7.5,84.27,Wheat
98.3,46.9,49.3,20.61,88.81,6.44,192.23,Rice
34.3,74.1,74.4,29.51,49.97,7.76,68.4,Chickpea
103.8,63.3,27.8,13.31,62.6,7.42,53.04,Wheat
115.7,53.5,16.1,26.67,45.24,6.27,90.76,Cotton
109.8,30.1,46.6,34.94,78.57,7.3,185.93,Sugarcane
21.8,57.1,27.7,25.83,51.12,4.9,66.47,Mothbeans
89.0,51.8,37.0,28.43,63.32,7.41,60.92,Maize
118.3,60.5,30.3,34.41,64.26,6.03,53.38,Cotton
28.3,70.4,15.2,23.25,30.96,7.01,53.95,Lentil
119.5,66.9,21.6,31.82,48.5,7.98,86.21,Cotton
83.0,51.1,43.1,29.24,77.83,5.85,112.93,Maize
33.1,75.9,19.8,30.77,67.35,7.5,74.76,Blackgram
5.7,15.4,40.1,29.25,94.57,7.15,64.53,Pomegranate
62.3,52.5,45.1,26.82,78.15,6.94,189.61,Rice
25.0,58.0,79.8,26.62,71.55,6.48,63.08,Groundnut
63.6,50.3,45.2,23.44,67.83,6.41,63.46,Maize
12.1,64.0,24.1,24.85,34.64,6.31,52.99,Lentil
26.6,39.9,33.7,35.66,50.02,7.37,103.4,Mango
149.2,60.3,23.0,31.78,69.14,6.86,50.53,Cotton
17.0,7.1,36.1,27.19,77.08,5.39,123.08,Coconut
23.7,6.6,11.9,24.9,81.61,6.56,125.78,Orange
27.1,40.7,61.7,31.73,66.89,6.86,58.96,Groundnut
106.5,26.1,43.7,26.62,83.0,5.91,182.33,Coffee
34.3,144.9,187.2,24.77,73.6,6.33,92.02,Grapes
28.3,76.7,16.8,27.08,33.61,6.98,48.15,Lentil
16.0,72.6,29.0,26.84,61.58,6.09,129.76,Pigeonpeas
44.0,76.7,63.4,36.76,85.32,6.6,153.42,Papaya
88.4,38.9,38.1,28.19,71.27,6.9,211.56,Jute
34.4,77.4,20.3,33.17,67.73,6.37,69.3,Blackgram
113.1,41.2,16.2,32.26,57.67,7.26,75.05,Cotton
28.3,140.1,208.1,24.77,76.18,6.99,64.94,Grapes
127.8,39.0,26.9,24.43,70.95,5.78,162.1,Coffee
21.5,14.9,5.0,16.29,85.25,6.57,124.36,Orange
29.3,58.8,18.4,23.49,33.33,7.1,38.87,Lentil
26.2,15.2,30.8,24.98,67.15,5.55,126.37,Mango
22.7,73.5,27.6,27.01,34.56,7.88,48.29,Lentil
16.8,62.9,16.4,29.56,41.25,3.66,67.28,Mothbeans
38.0,25.7,27.7,31.36,59.1,6.94,81.08,Mango
24.5,8.4,26.3,34.9,90.22,6.25,157.29,Coconut
26.6,59.9,16.9,25.54,91.06,6.8,55.72,Mungbean
19.3,66.9,22.5,18.67,45.14,6.43,130.5,Pigeonpeas
15.6,41.7,16.3,31.13,43.64,4.78,44.78,Mothbeans
31.2,138.1,201.3,8.33,92.4,6.65,138.67,Apple
18.7,78.3,16.4,22.56,63.29,6.34,141.45,Pigeonpeas
82.3,45.6,39.9,24.22,78.94,6.38,212.18,Sugarcane
23.8,36.8,63.4,31.81,66.46,5.84,67.18,Groundnut
26.9,39.9,61.5,27.56,76.96,5.77,58.17,Groundnut
75.6,54.9,45.9,36.48,73.6,6.52,241.42,Jute
64.6,76.0,55.9,35.68,90.22,7.29,157.03,Papaya
17.7,39.1,78.0,30.06,79.39,5.9,56.36,Groundnut
29.4,71.5,27.6,29.63,43.84,6.15,170.16,Pigeonpeas
25.8,69.8,23.6,25.61,52.03,7.13,59.23,Lentil
119.2,66.0,28.0,17.5,74.1,6.09,83.53,Wheat
22.3,58.9,26.4,33.35,86.48,7.03,55.01,Mungbean
33.6,84.3,85.3,22.95,40.56,7.47,62.44,Chickpea
103.5,19.0,45.0,20.76,65.57,5.97,199.32,Coffee
88.8,51.4,32.6,18.0,70.83,7.21,55.05,Wheat
88.1,44.3,27.9,28.99,62.38,6.73,73.15,Maize
16.4,71.1,20.9,28.31,44.84,6.93,54.78,Lentil
7.0,11.3,51.9,19.01,89.56,5.62,33.9,Pomegranate
28.5,13.4,10.8,25.05,87.91,6.21,101.12,Orange
117.4,40.7,28.6,27.03,74.07,6.64,246.49,Sugarcane
81.6,54.6,33.7,20.14,68.43,6.56,103.67,Maize
23.4,56.2,22.5,34.78,86.08,6.29,37.59,Mungbean
29.7,30.1,45.5,27.31,50.22,5.79,65.76,Mango
27.5,60.3,29.1,29.06,39.68,6.59,56.83,Lentil
20.8,124.7,202.0,9.17,85.82,6.19,105.61,Apple
90.3,59.0,44.2,29.99,84.67,5.54,161.63,Jute
93.7,41.7,27.7,15.72,61.3,6.09,108.22,Wheat
27.2,18.7,35.5,34.45,62.53,6.65,110.92,Mango
72.0,36.4,35.5,27.53,66.43,5.72,114.31,Maize
104.8,67.1,22.2,21.59,65.18,6.53,94.56,Wheat
93.1,57.4,50.5,32.44,83.05,6.06,154.34,Jute
30.8,63.3,17.9,33.26,32.07,5.99,157.98,Pigeonpeas
33.7,139.3,214.8,8.57,86.95,6.43,129.3,Apple
19.8,9.8,8.0,30.07,87.48,7.98,106.85,Orange
27.5,64.2,21.5,29.81,32.49,7.73,45.14,Lentil
67.4,36.7,45.1,29.41,83.43,5.64,172.12,Jute
123.6,55.6,50.6,32.47,85.1,6.81,87.44,Banana
16.2,5.2,43.8,27.47,80.08,6.12,33.76,Pomegranate
27.9,63.7,15.3,26.3,91.24,6.39,49.72,Mungbean
31.9,60.5,74.9,24.87,30.36,7.74,53.47,Chickpea
77.1,35.1,39.9,26.88,88.5,6.15,234.01,Jute
15.7,63.5,26.3,28.23,60.91,5.61,163.04,Pigeonpeas
60.2,57.5,50.4,20.85,83.5,5.76,294.96,Rice
121.7,68.9,19.7,25.39,52.88,7.6,85.04,Cotton
34.3,60.3,29.8,24.03,44.72,5.37,67.11,Mothbeans
21.3,54.8,21.7,28.0,89.78,6.06,36.88,Mungbean
28.4,75.9,26.0,18.72,50.64,5.92,154.96,Pigeonpeas
86.8,50.9,40.9,18.63,65.33,6.93,66.03,Maize
86.9,59.5,48.0,36.46,82.6,6.54,182.24,Jute
83.2,56.1,57.4,33.24,86.15,5.88,122.09,Banana
62.1,39.5,46.3,22.43,94.88,5.68,271.73,Rice
23.4,149.5,193.5,13.38,83.38,5.83,95.29,Grapes
101.1,54.3,50.3,34.7,80.99,5.88,121.26,Banana
38.7,55.7,27.1,32.84,65.16,7.53,68.61,Blackgram
16.8,134.6,214.9,34.09,85.33,6.4,85.76,Grapes
94.1,70.3,57.5,29.09,73.65,5.94,98.33,Banana
96.5,60.8,22.2,23.34,70.34,6.83,81.84,Wheat
82.0,36.5,55.0,26.69,94.38,6.89,281.84,Rice
107.8,44.9,24.3,27.28,58.4,7.93,60.38,Cotton
83.4,55.9,52.1,26.12,82.61,5.51,222.21,Rice
114.9,19.7,25.4,15.65,71.05,5.78,128.18,Coffee
18.0,5.1,43.4,24.02,89.72,5.7,66.53,Pomegranate
28.6,146.3,206.6,21.27,93.79,6.25,142.56,Apple
31.2,142.6,194.7,11.71,90.89,6.05,154.13,Apple
34.7,22.4,46.2,34.65,63.33,7.11,114.62,Mango
12.0,39.6,65.5,26.51,77.43,6.73,91.57,Groundnut
27.7,74.6,23.3,28.36,55.51,6.32,41.07,Lentil
124.8,35.5,25.3,24.02,58.34,6.18,121.82,Coffee
53.3,75.1,70.6,23.5,15.85,7.89,54.94,Chickpea
29.8,131.9,210.5,21.92,94.57,5.75,145.04,Apple
59.5,84.6,90.7,20.58,44.32,6.09,57.08,Chickpea
83.2,49.7,39.2,33.2,76.53,6.92,239.24,Sugarcane
30.5,12.7,33.3,25.6,93.89,5.53,177.27,Coconut
109.8,68.1,22.7,16.52,69.79,7.22,96.91,Wheat
138.2,52.4,31.9,25.01,62.68,6.02,75.29,Cotton
84.8,52.8,31.6,16.49,53.82,7.38,54.7,Wheat
119.6,66.9,26.2,21.72,66.3,6.48,83.29,Wheat
58.3,67.4,62.3,30.0,80.67,6.31,131.07,Papaya
28.5,67.2,34.2,19.56,38.86,5.78,175.48,Pigeonpeas
84.2,41.6,18.9,19.41,66.85,6.41,96.34,Wheat
10.7,44.5,68.6,27.98,68.5,5.83,65.08,Groundnut
120.6,15.4,30.4,20.37,77.27,6.98,180.62,Coffee
34.6,37.7,46.7,29.54,73.76,6.13,76.91,Mango
87.4,60.3,50.5,21.83,75.64,5.97,212.13,Rice
29.6,83.8,16.9,24.62,52.6,7.44,164.51,Pigeonpeas
72.8,49.0,31.7,20.98,57.42,6.08,83.05,Maize
113.4,65.7,34.7,30.83,47.38,7.93,89.28,Cotton
39.3,60.1,29.9,34.08,71.95,6.16,59.08,Blackgram
39.5,27.7,27.2,27.0,54.93,6.12,116.34,Mango
47.3,77.3,15.2,26.85,75.51,7.99,55.73,Blackgram
100.2,24.2,37.1,15.92,82.91,5.81,159.31,Coffee
28.0,147.9,200.2,20.57,85.09,6.04,151.36,Apple
35.7,61.3,77.9,23.53,48.2,6.68,97.52,Chickpea
39.3,82.7,85.3,29.39,17.07,6.82,57.19,Chickpea
26.7,25.8,47.8,34.61,56.74,6.06,97.81,Mango
27.8,5.2,30.0,27.82,89.75,5.62,185.87,Coconut
109.2,60.8,25.2,27.44,48.45,6.77,59.29,Cotton
21.0,40.6,29.7,28.28,90.68,7.3,57.94,Mungbean
30.3,18.0,29.4,25.39,79.6,5.38,210.46,Coconut
83.9,65.3,17.5,21.25,70.88,7.33,52.64,Wheat
20.3,15.4,10.8,10.25,91.75,7.19,93.11,Orange
14.8,36.2,67.9,26.01,61.51,5.87,78.12,Groundnut
18.2,63.1,75.3,25.3,59.5,6.5,97.51,Groundnut
123.8,68.4,67.8,27.64,77.83,6.84,102.09,Banana
91.0,45.4,43.9,26.61,90.98,7.19,167.61,Sugarcane
14.8,51.8,60.3,30.85,78.75,5.77,64.79,Groundnut
64.5,39.9,36.5,21.09,59.65,6.97,107.45,Maize
32.9,71.5,16.4,30.51,69.32,6.69,70.76,Blackgram
29.6,19.9,12.3,25.35,88.2,6.32,119.67,Orange
97.9,38.3,25.5,21.76,58.79,6.88,84.62,Maize
29.9,40.2,36.4,28.22,68.97,6.67,105.93,Mango
94.6,22.5,45.3,26.01,79.94,6.48,216.1,Sugarcane
114.4,74.8,69.0,26.99,80.36,5.77,141.35,Banana
101.7,20.8,25.1,19.86,67.35,6.34,151.58,Coffee
18.3,64.8,17.2,29.69,46.74,3.55,38.75,Mothbeans
28.8,139.8,206.3,29.78,87.3,6.48,71.01,Grapes
10.3,49.6,60.2,26.44,57.23,6.8,94.35,Groundnut
97.5,40.8,16.3,18.02,55.89,7.49,76.24,Wheat
64.9,65.9,53.6,34.48,91.03,6.09,126.55,Papaya
140.8,51.8,17.3,29.33,59.81,7.09,84.09,Cotton
31.4,14.6,39.2,34.35,78.97,6.36,172.08,Coconut
117.8,68.2,23.6,30.84,61.52,6.17,80.93,Cotton
18.3,59.2,79.3,30.54,60.15,6.78,76.15,Groundnut
113.1,45.3,31.2,30.42,85.23,6.1,160.81,Sugarcane
46.2,76.0,60.1,25.36,93.54,7.44,152.39,Papaya
66.7,49.6,39.3,23.21,76.17,6.07,298.24,Rice
95.7,52.5,49.7,30.16,94.24,6.75,133.42,Banana
28.9,23.4,38.0,31.33,78.72,6.14,121.39,Mango
25.2,9.8,13.7,27.08,82.99,6.27,112.17,Orange
21.7,18.8,29.5,30.48,86.82,6.66,121.55,Coconut
25.2,47.3,25.6,27.21,60.17,3.97,69.38,Mothbeans
34.5,119.9,186.7,20.36,80.11,6.6,90.41,Grapes
94.1,27.1,21.5,29.43,91.0,5.81,186.08,Sugarcane
43.3,66.7,79.1,19.89,28.96,7.45,60.3,Chickpea
109.4,53.5,26.1,27.3,45.66,6.71,54.65,Cotton
21.2,10.3,13.1,23.08,91.48,6.23,97.03,Orange
25.6,71.0,27.0,28.16,32.63,7.84,48.3,Lentil
27.2,55.3,21.5,34.5,92.0,6.68,51.57,Mungbean
104.3,53.3,21.8,21.06,52.85,6.64,69.83,Wheat
87.7,36.9,28.0,21.68,65.14,6.51,113.71,Maize
46.8,75.2,18.3,32.81,74.41,6.86,69.1,Blackgram
32.2,132.0,215.7,22.67,81.93,6.05,150.69,Apple
52.9,56.3,51.1,32.04,85.22,6.04,156.52,Papaya
16.5,62.5,23.5,23.66,32.73,6.74,52.29,Lentil
43.6,63.0,15.4,27.29,73.76,7.92,55.57,Blackgram
29.7,35.3,26.7,30.09,75.06,7.22,97.99,Mango
86.0,42.7,25.2,34.8,94.3,7.12,162.62,Sugarcane
87.4,37.6,42.8,34.22,93.12,6.63,160.1,Sugarcane
23.5,79.7,29.7,27.55,52.92,7.44,135.1,Pigeonpeas
17.4,29.4,49.2,31.11,68.79,6.17,82.54,Mango
24.6,18.8,28.6,32.31,94.59,6.97,221.25,Coconut
11.9,45.9,79.0,29.32,60.48,7.04,82.97,Groundnut
43.7,69.2,51.4,28.44,82.68,6.69,146.39,Papaya
108.1,33.1,27.3,25.12,83.14,6.54,130.82,Coffee
140.4,48.2,16.3,31.26,59.42,6.15,72.76,Cotton
90.3,66.3,68.7,31.52,87.44,6.83,134.71,Banana
23.7,130.8,216.1,11.18,82.84,5.56,123.67,Apple
68.9,59.5,44.2,22.44,90.91,5.84,182.84,Rice
84.7,60.4,22.1,20.68,66.41,7.36,111.13,Wheat
30.3,39.3,30.3,26.99,77.0,6.97,101.2,Mango
63.0,58.3,44.5,28.6,92.36,5.9,244.71,Jute
50.9,68.5,86.6,18.34,37.32,6.23,95.11,Chickpea
47.5,81.3,87.3,26.92,41.55,6.45,55.15,Chickpea
23.2,24.1,49.5,32.2,58.23,6.91,149.82,Mango
118.3,62.2,46.0,33.66,90.58,6.91,112.98,Banana
42.1,80.2,78.8,29.13,29.74,6.84,86.67,Chickpea
66.3,59.9,50.6,28.59,79.88,6.38,201.77,Jute
48.0,76.4,27.5,26.64,73.81,6.0,71.69,Blackgram
105.0,33.9,42.1,16.46,56.64,6.92,194.14,Coffee
104.4,29.0,43.6,18.35,55.6,5.68,189.39,Coffee
28.6,64.8,20.1,25.33,80.17,6.04,49.95,Mungbean
31.7,43.1,23.3,30.29,80.07,6.94,37.76,Mungbean
74.6,46.1,39.2,22.14,93.73,6.47,253.1,Rice
27.3,44.8,41.6,35.94,52.3,5.71,128.99,Mango
121.0,49.7,23.3,31.36,51.78,6.16,68.64,Cotton
34.7,34.5,27.3,24.37,74.96,6.84,120.5,Mango
24.5,63.3,28.0,27.84,48.81,3.89,66.88,Mothbeans
23.0,63.0,28.6,31.0,43.03,3.82,52.82,Mothbeans
128.3,68.1,59.6,31.18,94.35,6.04,127.17,Banana
25.1,58.2,17.9,19.3,63.25,5.98,144.37,Pigeonpeas
8.4,17.0,53.2,23.97,83.23,6.97,67.6,Pomegranate
25.3,53.3,21.1,30.63,83.54,6.22,38.08,Mungbean
28.0,69.7,18.7,21.12,38.86,6.89,53.62,Lentil
34.8,54.0,19.9,30.45,83.0,7.03,32.39,Mungbean
114.1,15.3,40.5,19.97,64.14,5.56,163.19,Coffee
19.6,9.8,39.4,18.33,84.87,5.63,41.51,Pomegranate
127.1,31.9,23.0,25.92,73.41,5.82,244.87,Sugarcane
7.5,16.8,54.8,19.64,92.05,5.79,36.59,Pomegranate
32.2,56.6,22.3,34.49,86.56,6.38,43.0,Mungbean
24.5,71.3,16.7,31.04,55.05,7.34,147.28,Pigeonpeas
22.0,64.6,20.4,19.27,56.54,7.92,52.85,Lentil
86.5,44.7,31.2,30.19,86.12,6.66,175.88,Sugarcane
29.2,41.3,78.6,26.8,63.82,6.03,84.01,Groundnut
84.0,54.9,51.4,26.36,86.49,5.9,222.42,Jute
32.9,17.6,34.0,25.85,85.82,6.47,138.19,Coconut
25.8,145.3,206.6,14.95,83.75,6.58,84.32,Grapes
65.4,53.3,52.6,30.02,78.97,5.96,205.17,Jute
116.9,27.2,39.7,26.57,66.43,5.93,170.54,Coffee
39.4,79.2,85.1,25.8,40.11,7.29,77.7,Chickpea
62.9,36.8,36.0,23.81,60.1,6.71,78.75,Maize
99.5,52.9,54.0,27.13,87.25,6.58,240.57,Rice
34.1,6.4,27.7,33.14,89.28,5.76,184.26,Coconut
23.1,75.9,21.0,24.98,37.3,6.36,155.38,Pigeonpeas
127.2,52.5,54.4,34.82,74.11,5.59,133.14,Banana
77.1,46.1,45.1,22.73,91.99,6.73,192.66,Rice
90.0,27.9,35.7,24.62,87.59,6.09,153.94,Sugarcane
61.1,54.3,37.7,23.69,76.01,6.07,205.4,Rice
11.0,60.9,17.7,19.72,31.02,7.59,34.86,Lentil
21.8,52.9,24.5,26.01,46.71,4.04,41.56,Mothbeans
26.2,42.9,17.0,29.94,94.94,7.09,40.22,Mungbean
26.0,10.9,28.4,31.95,76.86,6.05,188.2,Coconut
22.1,123.0,204.8,9.36,87.71,5.73,107.43,Apple
109.6,68.3,65.4,33.17,82.2,6.57,116.98,Banana
18.9,107.2,200.8,24.01,87.14,6.26,65.11,Grapes
17.8,7.0,45.5,32.93,80.15,6.33,36.01,Pomegranate
18.8,72.6,15.9,24.35,46.27,6.42,175.41,Pigeonpeas
82.0,28.7,44.0,26.07,88.46,5.69,225.82,Sugarcane
23.8,23.5,26.0,26.0,91.18,6.22,221.1,Coconut
32.4,8.6,42.8,29.2,77.74,6.54,178.01,Coconut
26.2,49.9,24.7,32.12,92.25,6.08,35.39,Mungbean
17.0,43.5,26.1,31.57,54.07,4.38,44.67,Mothbeans
56.5,78.7,50.4,25.54,80.53,6.76,159.02,Papaya
123.1,16.1,44.9,21.74,66.87,6.6,164.62,Coffee
34.8,59.9,27.7,28.66,51.05,6.51,137.12,Pigeonpeas
21.4,11.3,11.2,10.69,88.38,7.91,106.84,Orange
69.1,63.1,58.2,26.51,86.97,6.48,126.81,Papaya
34.4,75.5,71.6,25.78,34.94,7.89,86.39,Chickpea
109.4,59.2,25.6,15.0,71.13,6.3,76.93,Wheat
34.8,77.9,18.1,32.65,63.88,7.66,61.44,Blackgram
21.8,19.5,16.9,17.21,94.54,7.0,117.42,Orange
36.7,79.7,29.1,31.87,65.12,6.3,56.82,Blackgram
18.5,43.1,83.7,29.34,74.86,7.08,54.05,Groundnut
124.7,41.9,23.7,27.47,57.11,6.15,62.58,Cotton
49.6,64.0,90.8,26.62,36.83,6.1,60.86,Chickpea
111.9,20.9,34.4,22.97,65.98,6.25,136.84,Coffee
104.1,40.9,30.2,25.8,51.87,7.08,58.41,Cotton
148.1,43.5,33.8,23.84,52.8,6.91,60.34,Cotton
19.7,103.9,209.0,16.72,84.43,5.87,67.06,Grapes
25.7,10.9,6.5,28.35,93.19,6.54,98.23,Orange
22.8,59.5,21.7,18.39,43.73,6.11,177.31,Pigeonpeas
32.1,15.9,25.1,33.83,75.95,6.18,181.84,Coconut
20.1,20.5,54.7,28.35,52.21,5.56,70.37,Mango
77.9,52.5,38.2,26.79,80.01,6.01,205.06,Jute
9.7,15.6,53.1,28.56,94.16,6.53,67.62,Pomegranate
86.8,40.0,50.0,26.09,77.17,5.88,233.94,Jute
101.6,74.2,54.3,31.85,73.28,6.5,138.24,Banana
16.6,13.9,40.5,32.53,93.07,6.84,48.94,Pomegranate
128.7,33.3,44.8,25.5,80.42,6.79,168.79,Sugarcane
84.2,47.5,37.8,26.15,71.93,6.47,171.15,Jute
117.3,22.8,31.5,23.18,56.27,6.91,161.67,Coffee
27.9,69.0,17.0,29.26,30.01,6.5,46.67,Lentil
49.3,63.5,85.4,21.75,41.18,7.37,80.63,Chickpea
87.3,57.7,45.0,26.6,88.39,6.81,170.68,Jute
39.6,70.8,84.4,22.98,28.8,7.09,60.05,Chickpea
17.6,18.6,12.8,20.94,81.49,7.6,110.17,Orange
126.5,76.3,49.0,28.17,83.26,5.71,88.18,Banana
18.1,6.2,19.6,11.51,80.2,6.43,122.74,Orange
119.5,15.8,34.2,25.02,70.63,6.97,157.83,Coffee
67.0,50.2,51.8,35.16,73.5,6.31,176.32,Jute
103.3,24.8,28.1,19.51,65.56,6.44,138.9,Coffee
19.9,58.8,27.6,26.89,45.63,4.02,32.39,Mothbeans
85.1,26.2,25.7,31.06,88.05,6.96,176.53,Sugarcane
37.2,23.1,53.9,32.1,57.39,6.61,130.67,Mango
81.5,54.9,30.5,20.97,73.87,7.25,64.91,Maize
40.6,72.0,15.0,31.44,72.06,7.58,64.22,Blackgram
33.3,61.9,90.8,17.77,41.69,7.61,62.09,Chickpea
119.3,21.9,41.6,26.89,71.64,5.6,132.4,Coffee
92.5,33.9,44.1,23.82,70.3,7.16,248.26,Sugarcane
87.4,56.9,46.1,27.6,87.65,6.15,149.66,Banana
17.3,61.9,29.2,24.37,41.23,6.2,34.97,Lentil
93.7,30.5,43.6,27.96,73.75,5.59,171.57,Coffee
19.8,26.3,36.2,31.19,79.31,5.99,64.16,Mango
26.5,55.5,67.5,30.48,72.21,5.69,79.0,Groundnut
31.6,16.9,40.3,33.02,69.35,6.52,104.87,Mango
22.2,71.6,16.4,20.28,54.92,6.13,57.09,Lentil
95.7,49.7,39.3,16.85,62.86,7.48,96.04,Wheat
13.2,19.8,38.9,29.05,80.25,7.17,63.93,Pomegranate
39.6,38.5,41.1,29.09,77.34,6.4,60.09,Mango
116.4,48.5,48.5,27.09,94.86,7.43,153.24,Sugarcane
22.5,40.0,21.9,30.39,56.94,4.29,51.66,Mothbeans
89.6,45.0,45.1,25.24,81.41,7.34,220.46,Sugarcane
98.4,54.1,51.6,25.66,83.71,6.6,295.86,Rice
20.8,61.4,22.3,24.83,47.45,7.72,33.35,Lentil
25.0,64.5,17.9,29.82,53.99,6.72,37.66,Lentil
91.9,49.7,19.4,12.63,68.54,6.79,102.2,Wheat
30.1,58.2,28.9,29.9,94.88,7.19,56.62,Mungbean
18.9,60.6,18.5,25.45,82.69,7.24,35.93,Mungbean
5.0,7.2,52.7,23.42,81.21,5.97,38.13,Pomegranate
22.4,59.2,24.3,29.99,47.99,7.46,58.36,Lentil
41.6,66.1,21.2,26.44,73.25,6.44,62.0,Blackgram
16.6,19.3,43.0,18.51,87.68,7.34,65.46,Pomegranate
36.7,73.8,84.1,16.11,37.71,7.82,96.86,Chickpea
13.5,11.9,37.3,19.63,90.94,5.87,53.65,Pomegranate
92.9,60.2,55.7,25.47,91.94,5.9,90.58,Banana
91.0,44.1,39.5,34.04,88.33,5.94,196.47,Jute
99.2,43.1,49.1,30.78,90.74,6.75,176.33,Jute
13.7,78.4,26.4,20.56,45.05,6.64,45.91,Lentil
18.2,43.3,25.3,33.72,75.03,6.18,97.72,Mango
30.5,78.6,20.6,25.56,71.21,6.16,70.75,Blackgram
23.6,146.7,213.2,14.2,83.13,6.42,104.5,Apple
125.5,50.2,53.4,30.28,93.01,6.55,111.23,Banana
12.7,73.1,24.6,21.74,44.08,7.81,33.85,Lentil
25.7,29.0,37.3,33.65,59.51,6.26,76.16,Mango
27.6,57.1,61.4,32.56,71.87,7.28,55.55,Groundnut
21.2,48.9,60.7,25.02,61.57,7.41,91.71,Groundnut
36.5,60.7,74.9,28.1,38.08,7.24,95.02,Chickpea
44.5,65.4,15.0,31.21,60.34,6.74,74.8,Blackgram
46.2,77.8,25.4,29.41,63.92,6.36,77.38,Blackgram
135.6,42.8,33.4,33.66,57.99,7.4,68.62,Cotton
44.9,76.3,19.0,26.83,68.09,6.92,64.85,Blackgram
100.0,30.6,28.6,24.74,67.46,5.66,171.09,Coffee
37.7,60.1,16.2,26.93,70.3,7.65,75.58,Blackgram
59.3,67.4,61.6,32.41,87.11,6.53,157.11,Papaya
66.9,69.5,61.9,30.55,84.84,6.48,130.7,Papaya
89.9,38.8,44.2,28.31,72.19,5.58,229.42,Jute
96.6,46.1,35.3,24.75,60.53,5.79,75.65,Maize
19.7,29.3,51.9,25.44,78.09,5.86,61.71,Mango
30.4,62.3,70.5,24.18,44.33,6.83,77.56,Chickpea
94.4,47.6,43.4,25.94,72.41,6.21,211.47,Jute
33.4,14.4,36.4,31.84,87.76,5.93,150.12,Coconut
34.3,62.7,26.7,25.82,76.84,7.64,62.29,Blackgram
91.8,60.8,53.0,21.68,79.99,5.65,273.61,Rice
9.1,11.1,35.4,25.46,81.95,6.03,53.96,Pomegranate
25.0,16.5,7.3,12.15,84.06,7.99,97.87,Orange
106.4,69.0,35.4,21.62,53.46,6.38,94.88,Wheat
18.4,74.8,23.7,29.22,31.03,7.81,41.55,Lentil
24.3,49.7,24.8,27.47,54.96,4.21,50.5,Mothbeans
71.5,51.6,53.5,29.04,93.92,6.96,181.27,Jute
64.8,51.1,50.2,21.48,79.33,6.23,266.95,Rice
22.5,114.8,186.1,13.72,70.76,6.89,83.92,Grapes
24.5,60.9,34.8,28.9,36.51,6.08,160.57,Pigeonpeas
106.5,26.3,28.6,22.67,76.38,5.8,156.37,Coffee
42.0,68.2,25.8,32.87,68.61,7.21,59.97,Blackgram
38.4,24.2,32.2,33.71,69.83,7.38,147.94,Mango
91.6,56.6,72.3,28.39,85.05,6.76,125.99,Banana
84.6,36.3,25.5,33.51,79.24,6.39,176.33,Sugarcane
89.5,40.3,38.8,25.23,87.34,6.19,162.89,Sugarcane
50.4,70.4,53.1,25.58,92.78,6.24,125.79,Papaya
18.9,44.1,63.3,31.31,59.29,6.02,74.21,Groundnut
22.9,12.4,11.5,27.03,89.7,7.92,98.78,Orange
138.6,57.7,25.0,26.48,45.61,6.21,70.8,Cotton
27.5,15.3,30.2,28.5,77.96,5.28,211.57,Coconut
25.7,82.5,29.9,23.07,49.47,6.52,129.59,Pigeonpeas
85.1,43.7,48.9,23.8,75.12,6.87,77.85,Maize
9.5,19.6,52.5,31.74,93.51,6.51,46.84,Pomegranate
100.1,60.6,27.3,22.92,51.84,6.12,92.58,Wheat
30.3,53.2,16.0,27.68,82.32,6.1,50.9,Mungbean
25.8,122.0,207.9,20.1,84.64,6.33,138.3,Apple
33.5,55.1,24.9,28.59,51.73,3.68,49.59,Mothbeans
47.1,77.5,48.5,36.6,91.34,6.63,123.86,Papaya
58.0,63.7,46.5,30.77,87.67,6.36,139.55,Papaya
21.6,9.2,14.3,33.13,92.85,7.99,122.24,Orange
86.1,74.2,54.9,30.84,79.75,6.62,96.52,Banana
29.2,83.5,16.7,28.85,57.98,5.53,173.46,Pigeonpeas
46.8,77.7,83.5,20.97,39.35,6.4,54.53,Chickpea
43.9,77.1,25.0,33.68,73.89,6.78,73.19,Blackgram
16.5,58.4,68.2,25.78,73.44,7.24,68.78,Groundnut
23.6,118.5,215.6,35.98,86.34,6.91,86.6,Grapes
92.9,42.4,33.7,21.31,78.44,6.95,66.77,Maize
23.0,52.8,82.8,25.52,62.62,6.18,50.99,Groundnut
75.2,35.9,52.0,21.45,79.24,6.7,220.84,Rice
106.7,43.5,47.2,30.73,82.68,7.19,234.06,Sugarcane
25.5,12.1,9.2,10.96,82.34,6.94,115.61,Orange
24.6,63.2,16.0,26.51,62.23,4.37,62.6,Mothbeans
23.0,37.7,72.0,27.44,72.58,7.22,87.36,Groundnut
68.2,78.1,50.0,34.14,81.02,7.31,178.09,Papaya
53.3,65.8,50.3,36.24,94.9,7.1,126.99,Papaya
23.6,22.8,47.6,29.43,57.38,7.47,90.75,Mango
85.6,35.8,40.5,21.79,89.73,6.52,287.06,Rice
81.5,63.0,42.4,19.65,70.39,6.67,74.55,Maize
67.5,44.1,49.3,25.54,75.76,6.72,222.03,Jute
22.9,43.7,61.6,31.97,60.81,7.39,82.23,Groundnut
46.6,59.7,79.6,22.76,21.31,6.89,84.7,Chickpea
15.8,57.9,24.4,25.53,83.12,6.62,55.68,Mungbean
26.7,64.7,24.2,30.57,44.81,3.84,45.63,Mothbeans
24.1,47.3,27.9,26.23,62.9,3.96,42.46,Mothbeans
18.9,19.4,39.8,29.89,71.57,6.08,160.01,Coconut
34.1,62.7,25.8,29.18,91.56,6.95,51.34,Mungbean
92.6,38.2,44.7,26.27,69.7,5.99,156.6,Coffee
125.0,69.2,16.1,27.68,65.97,6.68,88.45,Cotton
21.0,147.3,200.8,29.92,83.18,6.17,83.08,Grapes
24.1,47.6,18.4,27.01,92.96,7.26,58.91,Mungbean
48.8,61.1,49.9,34.98,85.43,6.68,164.89,Papaya
59.6,69.0,84.4,15.8,36.66,6.99,71.81,Chickpea
122.2,26.0,28.9,23.96,65.75,5.7,191.89,Coffee
16.6,77.9,29.3,18.22,56.05,5.68,155.29,Pigeonpeas
51.4,57.2,75.1,18.1,37.41,6.03,96.1,Chickpea
19.5,19.1,39.0,35.5,91.28,5.76,43.33,Pomegranate
24.8,125.9,203.4,27.98,85.8,5.69,90.12,Grapes
17.8,18.5,7.1,10.32,87.12,6.67,97.1,Orange
91.8,53.2,42.5,36.34,83.84,6.33,162.32,Jute
15.6,78.3,26.8,25.8,40.7,6.92,57.38,Lentil
17.0,52.6,18.4,30.76,80.0,7.04,58.04,Mungbean
23.7,21.9,44.5,32.85,83.5,5.01,244.04,Coconut
22.6,19.1,36.9,26.45,91.76,5.02,240.54,Coconut
72.3,43.6,49.1,33.57,91.37,6.49,224.78,Jute
26.4,62.7,72.0,27.49,64.06,7.13,94.49,Groundnut
94.7,49.7,52.5,24.59,84.39,6.16,202.12,Rice
24.4,129.4,209.3,21.24,82.47,6.71,138.8,Apple
22.5,8.7,16.1,34.33,85.39,7.49,97.75,Orange
45.8,64.1,15.0,30.41,57.11,7.68,59.51,Blackgram
29.9,77.6,26.5,23.17,38.31,6.9,56.42,Lentil
67.7,63.0,59.0,29.91,94.83,6.86,131.98,Papaya
24.0,24.0,30.4,28.02,72.81,6.57,221.11,Coconut
22.9,57.7,19.9,25.06,48.17,5.43,46.89,Mothbeans
105.3,39.0,37.2,23.13,61.82,5.86,132.22,Coffee
120.3,29.2,49.0,30.36,80.6,6.25,184.87,Sugarcane
29.3,77.3,20.7,19.59,42.86,7.14,152.68,Pigeonpeas
87.9,52.7,38.2,36.54,70.13,5.64,164.53,Jute
129.5,67.0,71.8,31.28,83.33,6.39,104.52,Banana
41.9,56.0,23.9,32.73,61.71,6.86,70.22,Blackgram
21.4,132.7,210.8,14.62,91.9,6.0,148.13,Apple
40.2,63.2,94.7,20.72,46.19,6.23,73.33,Chickpea
31.1,41.0,46.2,30.86,73.88,6.91,110.49,Mango
32.0,63.9,18.9,28.47,62.23,5.13,43.22,Mothbeans
27.8,68.6,31.7,34.11,36.59,5.5,167.62,Pigeonpeas
31.3,118.4,204.7,26.45,79.5,6.12,67.52,Grapes
25.3,55.6,25.6,20.5,51.5,6.59,41.2,Lentil
19.3,67.3,15.2,20.31,60.2,7.06,176.13,Pigeonpeas
88.6,47.4,25.9,17.27,63.07,6.24,76.1,Wheat
68.5,43.3,42.2,26.84,88.82,6.3,249.66,Jute
14.5,67.8,18.9,20.67,50.24,6.65,43.73,Lentil
26.1,5.8,8.1,13.6,91.11,6.99,98.94,Orange
46.1,65.1,24.0,30.73,78.56,6.84,70.61,Blackgram
89.8,44.9,49.1,22.17,80.03,5.68,203.11,Rice
73.2,38.2,48.1,25.3,85.49,6.85,181.78,Jute
104.7,42.4,16.0,17.18,58.06,6.38,56.39,Wheat
90.5,51.4,45.5,33.81,78.93,5.74,137.96,Banana
22.2,60.0,15.8,30.78,46.93,4.6,40.74,Mothbeans
31.1,139.6,213.1,10.58,94.46,6.27,143.72,Apple
121.7,63.5,26.3,33.15,47.38,7.06,52.13,Cotton
50.8,65.2,55.9,25.94,82.78,7.09,174.66,Papaya
15.1,130.1,219.5,29.32,88.64,6.21,73.48,Grapes
47.8,63.4,60.3,26.81,88.21,7.1,175.45,Papaya
19.8,5.5,14.0,19.51,94.05,6.72,107.2,Orange
76.2,49.8,53.1,31.17,83.59,7.0,197.21,Jute
13.4,83.1,29.5,26.9,54.31,6.36,56.37,Lentil
20.1,45.7,20.5,31.98,51.96,3.84,64.15,Mothbeans
116.6,58.6,31.1,26.28,53.37,7.63,92.98,Cotton
65.7,67.6,52.0,34.18,85.86,6.09,159.36,Papaya
48.0,68.0,24.9,30.61,55.44,7.64,62.12,Blackgram
28.2,11.4,16.2,30.4,89.34,7.21,107.17,Orange
49.2,56.4,24.3,25.23,68.95,6.31,71.01,Blackgram
14.1,17.7,36.9,21.93,94.88,6.64,37.14,Pomegranate
33.6,146.5,219.5,32.0,88.1,6.6,71.75,Grapes
25.4,65.9,25.7,24.14,49.49,6.86,33.72,Lentil
136.1,46.9,25.2,22.57,66.57,6.49,73.59,Cotton
136.5,43.1,21.3,33.45,48.43,7.55,87.66,Cotton
51.4,69.7,87.6,29.14,49.52,6.43,72.61,Chickpea
122.4,72.1,62.9,30.54,77.27,6.23,114.03,Banana
19.0,73.2,21.7,23.89,39.11,5.74,137.12,Pigeonpeas
101.1,59.5,46.9,33.93,80.43,6.21,114.64,Banana
15.5,47.6,82.8,27.85,62.25,6.56,96.82,Groundnut
84.3,58.7,39.5,24.18,84.01,6.16,283.22,Rice
29.0,40.5,22.9,29.55,55.87,3.71,48.95,Mothbeans
29.9,126.4,204.2,22.54,81.51,5.78,156.9,Apple
24.9,84.9,21.1,25.42,35.11,6.69,34.68,Lentil
80.5,64.1,37.5,20.13,53.95,6.66,74.19,Wheat
61.4,61.5,50.1,33.82,92.86,6.53,163.1,Papaya
20.9,126.7,195.6,10.17,85.27,6.52,66.14,Grapes
85.2,41.9,53.1,26.88,76.42,5.86,260.28,Rice
30.8,51.9,28.2,34.29,93.71,6.91,36.93,Mungbean
15.3,7.2,29.4,30.92,73.78,5.89,225.02,Coconut
29.1,35.5,42.0,24.78,53.85,5.63,83.37,Mango
18.1,73.8,32.4,26.29,60.57,7.07,126.35,Pigeonpeas
22.7,137.4,202.7,17.25,90.4,6.62,142.19,Apple
25.5,79.6,19.4,24.32,44.28,7.0,126.39,Pigeonpeas
29.7,133.0,198.7,15.77,91.41,5.87,109.15,Apple
30.4,20.7,41.1,33.48,59.83,5.61,131.61,Mango
33.6,18.7,39.9,25.87,81.67,5.09,187.68,Coconut
19.1,59.7,27.5,25.46,56.19,4.49,39.83,Mothbeans
30.0,141.8,219.2,19.24,81.46,6.11,144.49,Apple
135.8,63.7,16.5,34.88,56.98,6.8,75.33,Cotton
25.9,70.6,26.5,22.58,49.27,7.38,164.38,Pigeonpeas
48.0,77.8,74.5,17.72,37.73,6.99,55.98,Chickpea
108.8,15.2,43.4,27.31,69.31,5.51,154.43,Coffee
81.6,42.1,53.2,34.69,79.37,6.7,194.56,Jute
25.4,36.0,73.3,28.83,74.95,7.14,72.62,Groundnut
33.9,137.0,193.1,15.79,82.87,6.64,80.83,Grapes
43.5,74.0,27.8,25.9,68.06,6.29,74.59,Blackgram
43.2,78.4,54.5,34.88,94.72,7.21,163.96,Papaya
32.3,31.0,32.6,30.72,63.62,7.38,117.69,Mango
18.3,44.3,18.3,24.86,45.97,4.12,53.19,Mothbeans
32.2,148.4,202.2,13.0,81.35,5.62,143.8,Apple
57.0,71.3,86.0,26.09,33.7,6.09,65.15,Chickpea
21.5,122.5,190.1,22.17,79.24,5.61,87.78,Grapes
14.8,12.8,42.2,21.57,82.35,6.57,64.39,Pomegranate
106.1,74.9,73.5,34.32,76.3,6.83,96.67,Banana
11.0,8.5,42.4,28.14,89.64,6.16,62.39,Pomegranate
88.8,53.2,46.1,24.76,75.63,5.56,62.73,Maize
127.1,59.3,16.2,22.44,66.17,7.89,83.41,Cotton
40.6,64.6,17.2,31.24,77.88,7.01,72.96,Blackgram
31.4,124.5,201.2,27.61,87.31,6.33,84.3,Grapes
23.8,39.4,49.8,28.3,55.32,7.04,122.73,Mango
23.4,136.5,214.0,19.43,84.87,6.65,152.91,Apple
17.4,37.6,32.0,31.19,69.79,5.52,94.55,Mango
32.0,149.6,201.9,17.45,83.56,6.99,90.31,Grapes
22.1,8.7,40.1,30.78,91.17,5.47,185.22,Coconut
92.8,36.0,21.5,34.93,86.55,6.81,151.97,Sugarcane
121.6,67.6,17.2,22.13,56.08,6.88,86.68,Wheat
27.3,144.8,192.4,28.66,85.14,6.43,62.4,Grapes
123.7,56.6,17.6,22.15,71.28,6.43,103.42,Wheat
9.9,12.5,37.3,28.08,85.66,6.27,48.98,Pomegranate
72.0,51.4,35.0,22.3,83.6,6.37,258.56,Rice
17.5,52.7,27.9,24.54,52.83,5.47,52.65,Mothbeans
93.7,65.0,39.5,14.92,63.78,6.58,114.53,Wheat
23.5,124.7,219.2,16.34,94.67,5.69,112.71,Apple
35.7,68.5,18.4,28.97,66.93,7.68,69.66,Blackgram
24.0,43.0,26.5,32.8,86.98,6.18,50.04,Mungbean
105.1,64.9,30.0,25.87,69.98,6.9,67.43,Cotton
15.1,138.6,210.7,34.01,77.49,5.86,63.66,Grapes
123.3,53.7,47.8,33.68,74.52,5.75,115.61,Banana
32.6,131.5,216.5,21.16,81.69,5.75,106.61,Apple
16.7,44.8,29.3,25.98,91.75,6.81,41.15,Mungbean
101.9,77.2,59.3,26.49,73.19,6.85,138.91,Banana
18.8,63.8,26.2,26.34,34.4,6.58,41.53,Lentil
88.8,57.3,48.4,22.91,76.4,6.5,219.62,Rice
29.5,62.8,24.3,34.69,91.5,7.49,34.87,Mungbean
19.9,53.9,63.4,25.8,56.32,5.64,83.91,Groundnut
25.8,49.1,26.1,27.35,48.28,3.66,36.5,Mothbeans
90.6,45.9,42.9,32.59,81.85,6.3,163.64,Jute
113.6,60.2,29.6,21.87,73.51,6.16,66.37,Wheat
70.6,58.5,44.1,23.38,94.15,6.99,246.69,Rice
104.5,61.2,73.5,28.16,80.59,6.52,147.43,Banana
22.1,5.8,18.0,33.82,90.26,6.54,115.43,Orange
55.3,74.5,55.2,32.56,85.16,6.32,169.84,Papaya
21.5,57.2,23.3,30.68,80.02,6.29,33.25,Mungbean
28.3,51.2,29.9,26.99,46.58,3.63,61.6,Mothbeans
62.7,50.8,54.9,32.8,75.75,5.97,245.54,Jute
29.9,147.0,194.8,11.18,87.19,6.5,115.95,Apple
22.5,123.4,217.4,12.0,88.09,6.65,107.07,Apple
15.3,45.5,25.6,26.69,94.36,7.3,45.29,Mungbean
37.2,79.5,74.7,21.06,27.54,7.83,96.06,Chickpea
102.7,66.9,34.1,28.43,47.82,7.0,79.7,Cotton
17.6,7.9,18.5,19.22,93.54,7.98,127.36,Orange
118.9,34.8,28.5,25.73,75.69,6.36,192.61,Coffee
41.6,70.9,23.5,26.47,69.13,6.59,74.31,Blackgram
99.2,37.7,25.0,32.71,77.46,6.08,222.78,Sugarcane
88.7,37.7,43.3,36.05,90.94,6.38,227.21,Jute
67.8,39.5,51.0,35.08,91.28,6.9,249.43,Jute
15.1,78.7,19.7,18.9,32.78,6.14,151.76,Pigeonpeas
23.4,55.7,17.8,23.7,64.64,6.76,143.97,Pigeonpeas
28.3,122.2,215.1,21.93,80.45,6.05,104.74,Apple
112.4,67.3,35.7,12.86,54.15,6.46,102.43,Wheat
12.1,10.0,45.7,24.57,91.78,7.46,51.27,Pomegranate
100.2,55.9,54.0,25.37,78.36,6.59,131.8,Banana
101.2,49.6,33.1,34.96,85.68,7.17,175.79,Sugarcane
15.4,5.7,5.2,12.63,84.84,7.38,107.43,Orange
80.3,64.6,38.9,22.69,66.75,6.77,118.86,Maize
15.6,128.1,219.3,17.04,88.46,6.69,102.74,Apple
29.6,52.2,63.7,29.52,77.67,6.38,84.46,Groundnut
30.7,63.1,25.3,25.64,62.28,4.63,30.39,Mothbeans
71.2,40.6,46.5,24.7,89.98,6.22,204.08,Jute
30.5,117.2,185.7,28.96,88.6,6.1,72.32,Grapes
29.5,149.7,196.1,19.53,80.66,5.79,133.03,Apple
19.4,17.9,47.8,32.15,72.58,5.15,194.27,Coconut
20.9,13.8,16.5,17.79,91.91,7.91,109.51,Orange
16.5,14.7,16.0,20.56,84.41,6.81,113.76,Orange
23.0,44.1,80.1,28.46,68.5,5.9,70.12,Groundnut
41.0,73.2,52.6,37.97,81.18,6.12,176.13,Papaya
17.6,56.9,16.4,20.73,48.3,7.38,134.1,Pigeonpeas
27.9,58.9,17.4,28.79,47.19,5.05,47.31,Mothbeans
117.4,45.3,18.3,18.47,74.29,6.8,113.94,Wheat
118.4,20.3,47.3,30.42,85.03,5.52,175.24,Sugarcane
30.2,58.2,20.5,22.97,54.72,6.41,129.77,Pigeonpeas
24.8,81.2,29.6,18.67,47.0,6.5,37.68,Lentil
19.4,141.2,206.6,10.74,80.68,5.86,102.35,Apple
19.0,82.7,17.7,21.46,45.98,6.67,43.92,Lentil
22.9,22.7,28.4,25.19,55.04,5.79,83.0,Mango
19.0,141.2,214.3,19.22,87.54,5.77,159.55,Apple
128.5,20.0,36.5,23.44,60.24,6.67,148.41,Coffee
29.1,142.5,197.3,19.82,94.26,6.74,152.82,Apple
41.9,71.1,77.1,23.55,18.8,6.24,91.14,Chickpea
16.1,37.2,41.9,27.61,61.86,5.75,72.57,Mango
54.8,69.3,87.6,19.35,18.55,7.12,95.04,Chickpea
28.0,120.6,194.9,10.84,85.91,6.41,104.17,Apple
96.5,52.6,48.0,33.82,83.67,6.41,227.61,Jute
26.4,68.0,15.3,24.9,30.19,7.66,30.57,Lentil
47.9,69.7,27.4,26.02,59.83,7.04,79.34,Blackgram
125.6,17.0,41.0,15.79,71.74,6.91,153.28,Coffee
121.5,47.7,35.6,17.78,70.16,7.12,73.71,Wheat
97.4,56.0,44.7,30.61,93.03,5.77,207.86,Jute
94.4,28.1,26.3,25.86,58.89,6.81,136.17,Coffee
69.1,43.7,36.6,21.86,77.02,5.92,256.28,Rice
36.8,79.9,72.5,25.83,37.38,6.63,74.86,Chickpea
95.5,36.9,36.5,24.24,82.68,5.55,208.19,Jute
20.6,130.9,192.7,10.87,91.58,5.89,128.4,Apple
21.5,122.2,204.3,19.2,82.25,5.62,77.12,Grapes
125.5,49.1,25.2,13.68,73.66,6.46,84.48,Wheat
25.0,136.3,199.7,33.92,88.81,6.96,74.93,Grapes
34.7,105.1,201.4,35.73,87.01,5.76,98.36,Grapes
43.8,67.7,19.4,26.3,77.06,6.68,73.39,Blackgram
25.6,129.7,214.0,21.35,72.55,5.51,80.54,Grapes
16.3,55.2,18.9,29.15,57.5,3.69,54.26,Mothbeans
24.8,73.1,32.8,35.25,39.31,6.4,166.65,Pigeonpeas
82.6,41.5,49.0,26.14,78.36,6.41,269.75,Rice
64.6,43.8,44.6,31.42,86.68,6.13,224.79,Jute
87.1,46.4,49.5,27.82,78.87,7.11,77.43,Maize
106.2,58.9,46.4,25.77,71.13,5.66,109.74,Banana
86.3,79.8,53.5,25.93,83.79,6.28,132.99,Banana
34.2,132.7,205.3,19.69,87.19,6.27,159.88,Apple
22.3,8.7,6.6,30.47,88.51,7.98,123.41,Orange
128.1,65.1,29.4,23.41,74.99,7.01,68.87,Wheat
31.9,84.2,24.3,34.18,45.83,5.78,165.03,Pigeonpeas
32.8,62.3,16.4,34.24,89.18,6.14,37.51,Mungbean
70.6,38.3,43.7,25.83,81.27,6.41,241.37,Rice
32.8,140.9,202.2,17.86,93.66,6.62,142.85,Apple
21.7,56.5,26.0,30.05,87.96,7.33,59.81,Mungbean
100.9,36.3,38.2,26.24,55.57,6.8,171.95,Coffee
91.7,34.6,34.5,22.75,66.14,5.63,132.62,Coffee
14.2,16.3,53.3,29.62,82.07,5.88,38.45,Pomegranate
15.6,62.0,73.4,32.79,57.47,5.93,75.21,Groundnut
19.5,61.0,84.7,25.53,79.0,7.01,54.42,Groundnut
14.1,64.4,66.0,25.91,66.96,7.38,79.01,Groundnut
30.0,58.8,22.9,27.26,52.58,4.5,62.19,Mothbeans
115.3,64.3,24.7,19.96,70.52,7.47,84.67,Wheat
46.2,75.2,78.3,23.55,45.66,7.89,57.21,Chickpea
84.5,64.6,48.1,20.06,91.34,5.95,259.61,Rice
126.9,60.4,65.9,25.21,77.2,5.79,104.07,Banana
32.6,55.3,91.6,15.79,44.84,6.63,95.09,Chickpea
99.3,45.5,44.0,30.44,89.92,5.73,219.62,Sugarcane
24.4,40.6,29.0,25.95,57.44,4.4,62.0,Mothbeans
111.0,60.3,33.0,19.91,70.96,6.94,113.24,Wheat
25.8,61.5,27.2,30.49,88.66,7.04,38.92,Mungbean
34.7,17.5,46.1,30.71,79.74,6.19,232.4,Coconut
18.0,51.1,21.3,31.34,81.2,7.14,43.83,Mungbean
133.7,64.2,33.2,23.39,47.41,6.3,59.6,Cotton
21.8,64.6,69.4,28.12,69.31,7.12,55.0,Groundnut
23.4,36.3,76.1,27.28,65.87,6.17,90.26,Groundnut
23.5,45.1,72.6,31.12,63.49,6.73,68.17,Groundnut
89.6,56.6,49.8,31.3,75.94,6.68,229.88,Jute
21.4,60.0,23.7,25.39,58.11,5.25,55.54,Mothbeans
145.3,69.3,26.4,24.2,54.52,6.28,65.06,Cotton
12.9,65.0,20.3,26.94,43.49,6.85,41.81,Lentil
31.5,136.0,190.0,13.56,89.08,6.05,104.99,Apple
120.1,43.8,49.7,32.16,78.98,6.59,198.47,Sugarcane
18.0,83.2,30.0,20.34,55.2,6.44,30.5,Lentil
128.8,37.7,31.6,22.05,61.2,5.71,163.31,Coffee
78.4,42.9,39.9,24.49,80.25,6.38,287.74,Rice
29.5,144.4,185.6,24.85,87.38,5.92,87.97,Grapes
46.6,62.3,29.4,26.16,62.6,7.11,74.85,Blackgram
90.1,23.9,41.5,33.94,91.11,6.15,152.19,Sugarcane
76.6,53.9,38.9,25.57,84.89,5.87,258.73,Rice
61.4,58.0,62.9,36.68,88.87,6.92,179.65,Papaya
31.1,80.9,22.4,35.47,32.21,6.39,145.02,Pigeonpeas
17.6,83.7,17.5,33.62,49.34,6.24,138.92,Pigeonpeas
16.8,52.8,84.8,25.98,75.95,6.95,63.93,Groundnut
28.5,65.1,28.4,21.06,54.21,6.97,46.47,Lentil
24.0,77.3,24.6,26.99,56.72,6.13,179.95,Pigeonpeas
29.6,15.5,44.4,26.43,91.79,6.64,241.94,Coconut
34.0,19.5,36.9,26.72,72.47,6.45,106.42,Mango
39.1,65.4,28.4,31.42,59.35,6.43,69.04,Blackgram
34.9,12.1,28.2,30.63,82.99,6.26,184.03,Coconut
15.1,59.4,27.1,31.24,59.31,3.59,37.31,Mothbeans
16.8,37.9,68.6,27.86,63.78,6.82,62.38,Groundnut
23.7,135.8,186.4,34.01,88.05,6.65,68.82,Grapes
6.2,15.3,37.0,33.52,92.05,5.52,42.76,Pomegranate
99.2,51.1,53.8,20.92,94.41,5.77,295.5,Rice
29.5,75.1,22.8,24.93,56.51,7.52,33.95,Lentil
88.7,57.0,46.5,29.7,58.27,6.24,93.7,Maize
122.6,59.0,32.6,23.21,57.89,6.56,96.82,Cotton
10.5,48.6,79.3,31.99,65.13,7.08,68.52,Groundnut
124.2,21.0,38.6,25.2,77.38,6.32,205.07,Sugarcane
97.4,15.6,39.6,23.61,83.21,6.55,126.41,Coffee
18.6,32.7,26.5,34.73,76.67,5.93,133.72,Mango
11.0,17.6,48.4,19.17,92.38,6.5,59.16,Pomegranate
38.1,19.6,53.6,27.96,68.9,6.71,114.71,Mango
30.8,22.6,36.3,25.3,81.88,5.7,179.96,Coconut
27.1,61.3,20.4,25.95,83.96,6.5,56.65,Mungbean
68.4,54.8,38.1,21.39,76.5,5.5,234.06,Rice
90.8,52.6,23.5,16.44,68.04,7.17,89.73,Wheat
129.1,27.5,41.2,23.14,81.36,6.84,185.19,Coffee
119.4,29.9,27.8,25.82,91.28,6.44,236.64,Sugarcane
114.0,61.8,62.7,34.51,90.92,5.73,85.67,Banana
5.9,12.0,38.1,24.31,88.39,5.95,55.15,Pomegranate
41.2,72.1,62.2,32.54,80.63,7.08,123.65,Papaya
81.7,42.6,43.8,20.29,63.92,7.06,111.95,Maize
125.3,79.2,50.9,32.01,74.22,6.1,110.02,Banana
24.2,43.6,84.3,31.71,72.32,6.83,57.67,Groundnut
79.5,57.7,48.8,25.17,84.82,6.69,191.17,Rice
38.6,16.6,53.2,29.19,79.85,6.05,121.22,Mango
95.4,28.0,23.6,24.05,87.15,7.15,219.69,Sugarcane
99.8,49.3,23.5,16.0,54.2,6.77,57.98,Wheat
90.6,51.5,64.3,28.23,71.39,5.61,146.63,Banana
46.2,75.4,77.9,15.1,36.34,7.42,67.92,Chickpea
22.7,55.8,18.2,21.64,47.53,6.52,51.63,Lentil
88.5,62.8,40.9,27.52,67.72,5.74,72.06,Maize
80.7,36.5,40.0,26.79,84.13,6.7,260.11,Rice
22.1,138.5,199.9,13.66,80.08,6.84,111.17,Apple
127.6,40.4,25.6,25.57,69.44,6.03,90.66,Cotton
50.7,67.0,46.9,26.46,93.21,7.13,137.24,Papaya
122.9,61.7,72.3,28.93,94.45,5.88,86.32,Banana
10.5,8.8,53.4,28.92,80.5,6.05,49.15,Pomegranate
25.5,12.2,9.6,32.67,83.58,6.63,92.78,Orange
8.7,17.6,47.8,34.23,82.87,7.01,35.31,Pomegranate
39.5,33.0,34.9,30.94,78.89,6.73,97.68,Mango
99.4,38.0,43.1,22.71,92.23,5.87,202.83,Rice
27.0,149.1,207.9,26.98,89.45,6.54,73.28,Grapes
68.9,55.8,41.1,24.65,84.47,6.3,231.06,Rice
19.9,21.0,52.3,33.42,60.25,6.84,122.53,Mango
20.3,36.8,63.0,27.02,56.66,6.84,87.73,Groundnut
11.0,9.5,43.7,23.3,93.83,6.85,50.9,Pomegranate
32.1,59.2,22.7,24.17,52.61,3.61,35.4,Mothbeans
33.7,77.2,93.6,17.28,30.52,7.34,88.03,Chickpea
82.9,39.0,47.6,24.51,84.31,5.58,175.83,Jute
21.8,39.5,74.3,25.04,79.5,5.58,73.53,Groundnut
100.6,75.2,66.5,33.77,90.51,6.74,128.89,Banana
13.4,10.2,39.2,35.73,85.54,6.08,42.61,Pomegranate
109.2,48.3,22.1,33.56,82.51,7.23,188.17,Sugarcane
31.1,60.6,18.0,28.93,63.86,3.68,59.62,Mothbeans
15.8,17.0,36.8,30.69,93.68,7.03,52.12,Pomegranate
72.6,60.4,49.4,22.4,81.19,6.11,228.29,Rice
25.5,61.2,17.7,18.31,48.06,7.69,53.38,Lentil
90.9,60.5,47.0,20.97,94.68,6.67,221.66,Rice
74.2,58.2,43.0,25.72,72.33,6.72,71.54,Maize
58.9,70.9,70.1,20.77,15.97,7.81,78.17,Chickpea
17.6,5.0,40.5,24.31,85.12,6.64,57.85,Pomegranate
95.8,61.6,34.0,22.47,50.9,6.1,94.18,Wheat
30.4,132.2,216.7,19.13,81.72,6.85,80.74,Grapes
99.1,50.7,40.7,20.8,78.88,5.84,201.53,Rice
62.2,38.7,28.8,19.98,63.07,6.92,80.76,Maize
32.3,56.8,18.7,18.11,36.15,5.9,128.63,Pigeonpeas
17.8,49.8,84.3,29.94,63.82,7.46,66.02,Groundnut
100.8,52.3,68.0,31.77,92.18,5.54,127.69,Banana
66.1,58.2,57.6,26.91,89.27,6.07,126.87,Papaya
68.9,35.1,25.6,21.58,71.84,6.59,91.92,Maize
86.0,42.5,27.8,26.83,67.48,6.27,93.7,Maize
82.1,53.2,63.9,33.71,92.77,5.74,100.45,Banana
88.5,58.4,47.7,26.61,85.6,5.94,184.53,Jute
15.7,75.2,28.9,24.04,58.11,7.21,167.05,Pigeonpeas
20.8,48.3,16.6,25.24,60.93,3.9,49.45,Mothbeans
14.8,52.1,62.5,29.63,55.35,5.93,59.58,Groundnut
99.4,50.3,45.4,33.25,84.94,6.92,232.02,Jute
24.4,15.3,36.7,32.34,80.53,6.92,223.77,Coconut
28.9,17.2,27.7,32.3,85.72,6.97,182.88,Coconut
27.0,5.2,5.6,17.08,88.9,6.11,102.23,Orange
25.6,138.3,208.2,23.43,90.12,6.82,131.41,Apple
101.8,69.4,46.1,26.59,73.41,5.89,136.25,Banana
24.3,6.6,47.2,25.88,81.81,6.48,244.85,Coconut
112.3,49.3,26.0,18.95,68.31,6.14,70.66,Wheat
27.1,64.4,20.6,28.38,44.56,6.34,45.76,Lentil
122.7,35.7,27.4,24.99,62.47,6.66,155.44,Coffee
25.7,37.3,79.4,31.06,56.06,5.72,89.65,Groundnut
24.7,13.7,49.8,25.85,86.06,5.83,179.28,Coconut
122.3,70.6,68.8,28.19,81.96,6.6,98.25,Banana
29.5,6.5,8.3,34.48,86.3,7.09,96.64,Orange
30.9,115.1,206.9,23.36,87.5,5.75,77.85,Grapes
18.3,7.7,40.9,30.56,83.97,6.48,53.15,Pomegranate
29.1,38.3,66.9,30.58,67.41,7.25,76.03,Groundnut
32.3,59.8,26.2,29.19,47.55,3.99,30.66,Mothbeans
28.3,129.0,214.5,13.57,81.56,6.87,139.7,Apple
5.8,15.6,38.6,20.53,84.73,5.95,37.53,Pomegranate
71.5,56.4,33.7,23.31,61.41,6.46,72.12,Maize
21.3,62.9,23.5,29.6,40.19,5.07,68.17,Mothbeans
89.2,38.2,42.7,31.81,92.07,6.26,188.47,Jute
33.8,44.4,23.2,31.54,62.37,3.97,62.31,Mothbeans
85.6,46.0,39.0,32.54,90.1,5.93,153.36,Jute
48.3,70.3,51.3,25.83,82.7,7.15,136.57,Papaya
61.6,75.3,46.5,26.65,82.71,6.07,140.98,Papaya
93.7,44.7,35.2,30.26,73.1,5.56,187.25,Sugarcane
85.6,38.3,43.7,23.63,94.08,6.81,211.61,Rice
21.4,7.7,13.9,23.57,85.72,7.69,117.54,Orange
20.1,146.3,209.5,10.25,81.86,6.35,102.38,Apple
60.6,57.9,45.0,32.85,81.82,6.15,132.26,Papaya
148.7,44.1,21.4,34.31,50.02,6.63,98.23,Cotton
30.7,71.6,26.5,23.96,36.8,5.75,139.31,Pigeonpeas
103.0,24.3,40.3,20.6,76.78,6.41,165.05,Coffee
24.0,12.3,38.1,28.84,89.78,6.02,243.47,Coconut
64.9,60.6,36.3,28.78,66.13,5.68,100.92,Maize
16.4,12.4,10.4,30.96,85.86,6.98,90.88,Orange
36.7,44.4,31.1,28.69,66.03,5.88,69.78,Mango
64.7,35.2,48.1,32.94,77.9,6.04,165.48,Jute
79.1,41.0,49.1,21.85,71.15,7.32,65.37,Maize
13.4,11.5,42.0,18.46,85.49,6.43,56.8,Pomegranate
123.8,25.4,22.9,23.66,76.47,7.12,226.29,Sugarcane
15.6,35.7,73.5,28.56,71.79,5.67,75.59,Groundnut
95.4,47.2,47.4,21.24,93.6,6.8,297.14,Rice
19.5,122.3,215.2,16.22,94.29,6.13,122.75,Apple
24.2,46.0,74.7,28.52,78.94,5.86,67.74,Groundnut
35.9,56.1,27.3,29.31,62.12,6.11,66.29,Blackgram
87.3,45.9,30.1,21.12,66.39,6.27,104.1,Wheat
19.6,48.0,24.9,28.66,92.32,7.18,41.26,Mungbean
26.3,81.6,34.8,33.96,32.41,5.77,138.01,Pigeonpeas
27.1,61.7,26.2,25.02,55.37,5.08,65.55,Mothbeans
111.0,47.2,37.8,13.72,61.53,6.38,67.87,Wheat
19.7,120.1,219.8,8.27,88.38,6.94,155.25,Apple
23.5,138.5,192.7,8.82,86.11,5.96,138.0,Apple
135.2,46.2,30.0,32.51,46.56,6.2,93.6,Cotton
102.2,60.8,37.6,12.55,69.9,6.44,76.24,Wheat
47.0,67.4,91.2,23.71,36.95,7.78,98.96,Chickpea
18.1,31.8,30.8,31.42,67.31,5.61,111.32,Mango
29.7,108.5,195.0,27.71,73.96,5.77,97.94,Grapes
125.3,33.7,29.5,31.3,89.47,6.48,213.1,Sugarcane
122.1,53.3,48.2,31.11,89.55,6.92,137.65,Banana
31.2,79.2,17.1,19.34,43.07,5.81,168.09,Pigeonpeas
17.8,147.4,190.7,14.83,82.21,6.48,113.55,Apple
21.5,18.0,44.8,30.33,80.02,5.83,200.71,Coconut
69.9,51.7,30.6,29.67,62.44,6.08,72.44,Maize
27.1,39.3,65.7,26.0,58.26,5.66,84.54,Groundnut
110.4,47.2,19.0,18.61,63.81,6.14,119.46,Wheat
117.7,62.7,51.8,33.02,80.34,6.11,112.11,Banana
76.7,39.5,34.4,27.05,66.84,7.2,78.04,Maize
75.4,52.3,40.1,25.67,75.03,6.89,244.61,Rice
129.9,49.7,22.7,25.79,54.69,6.17,95.06,Cotton
24.8,75.7,24.8,20.94,50.69,6.91,31.21,Lentil
102.7,58.2,17.5,20.42,71.32,6.98,103.83,Wheat
45.6,63.4,22.4,28.95,65.88,7.58,56.16,Blackgram
71.8,38.8,43.4,27.52,88.55,6.85,253.86,Rice
101.4,28.8,39.9,29.8,74.99,5.55,167.08,Sugarcane
63.5,55.1,29.6,19.69,63.09,6.0,75.65,Maize
100.8,32.9,39.5,18.03,59.52,6.24,147.35,Coffee
18.0,16.6,48.1,25.37,73.54,6.31,181.26,Coconut
26.0,41.5,18.2,31.67,82.89,6.79,40.33,Mungbean
22.2,110.8,181.4,26.9,74.32,6.55,93.46,Grapes
44.8,76.2,26.8,33.3,60.55,7.88,68.65,Blackgram
18.9,57.8,16.0,24.81,60.43,3.86,34.97,Mothbeans
26.9,21.7,42.5,31.16,77.81,6.63,212.68,Coconut
25.6,62.6,65.1,32.21,59.62,6.2,54.54,Groundnut
123.3,48.5,31.9,26.25,58.83,6.02,60.03,Cotton
79.3,47.0,39.2,26.1,90.83,5.53,154.31,Jute
69.7,41.1,41.2,29.07,76.18,5.68,103.48,Maize
80.0,36.4,28.4,22.0,66.84,6.41,96.38,Maize
126.0,63.6,65.2,26.19,87.84,5.79,140.34,Banana
89.2,40.4,30.1,23.16,78.88,6.99,180.71,Sugarcane
92.8,65.0,28.7,20.73,63.19,6.17,70.17,Wheat
83.8,53.6,43.4,24.67,85.46,6.9,204.51,Rice
25.0,16.3,50.9,24.28,63.11,6.33,137.37,Mango
27.1,103.9,185.0,11.08,80.97,5.6,85.61,Grapes
56.8,58.4,46.3,30.56,85.64,6.11,124.69,Papaya
97.0,61.3,25.2,24.82,57.68,7.47,77.07,Maize
31.5,6.0,28.7,31.53,70.92,6.71,206.71,Coconut
12.2,59.0,26.2,21.89,53.26,6.83,34.55,Lentil
30.7,58.1,84.0,24.14,25.71,7.98,88.54,Chickpea
34.6,73.7,29.7,18.35,43.32,7.31,142.8,Pigeonpeas
15.3,78.7,28.2,21.11,50.75,5.87,125.69,Pigeonpeas
30.3,67.4,21.6,27.82,59.06,7.43,66.23,Blackgram
86.0,51.3,39.4,24.71,91.19,5.51,276.7,Rice
23.5,10.6,14.5,11.61,82.51,6.07,110.45,Orange
14.8,7.0,49.8,22.86,81.27,5.65,58.88,Pomegranate
24.8,59.7,22.9,26.58,52.48,4.73,63.53,Mothbeans
85.8,68.9,18.5,23.6,71.5,7.09,118.6,Wheat
20.5,13.5,47.6,32.7,78.09,5.32,129.62,Coconut
16.0,81.0,18.7,21.3,46.84,6.62,43.2,Lentil
25.4,40.6,21.1,30.39,51.51,4.74,41.4,Mothbeans
32.3,9.7,42.6,28.94,77.95,5.77,169.6,Coconut
36.2,75.7,93.1,15.07,23.41,7.63,91.57,Chickpea
148.7,42.5,16.9,23.74,65.5,6.15,78.39,Cotton
21.0,128.8,196.4,19.81,88.53,5.83,118.29,Apple
52.4,76.2,94.5,27.05,24.22,6.74,95.0,Chickpea
99.6,51.3,37.3,29.26,76.28,6.44,71.57,Maize
17.3,8.4,35.0,28.01,88.65,6.5,189.23,Coconut
89.5,36.7,36.8,27.7,90.74,6.87,184.81,Jute
18.1,135.0,213.0,11.78,90.17,6.01,158.59,Apple
104.7,51.4,26.1,22.73,45.24,6.34,74.99,Cotton
40.4,84.6,81.4,28.79,20.36,7.07,68.01,Chickpea
99.8,16.8,40.5,19.2,82.72,5.63,173.74,Coffee
30.7,58.7,24.1,32.19,94.83,6.47,50.17,Mungbean
13.9,61.6,16.9,29.31,36.77,6.16,32.84,Lentil
66.1,57.9,45.8,26.23,85.61,5.5,218.9,Rice
20.7,55.7,22.2,26.71,38.79,6.8,54.67,Lentil
77.1,49.9,49.3,29.3,71.78,7.07,79.12,Maize
18.4,17.5,38.3,28.22,67.52,6.43,115.9,Mango
18.9,123.3,192.3,17.65,92.7,5.54,116.93,Apple
12.3,61.9,78.0,29.74,63.15,5.9,83.84,Groundnut
16.5,9.4,12.2,18.28,80.91,7.48,116.98,Orange
53.5,60.9,80.3,22.03,45.38,6.26,96.56,Chickpea
58.9,67.7,86.0,27.98,24.81,7.45,63.79,Chickpea
97.0,45.9,36.3,26.88,72.0,5.56,188.43,Jute
27.9,55.0,27.2,30.77,64.48,4.23,60.43,Mothbeans
89.4,45.0,26.1,24.55,75.34,5.85,106.75,Maize
122.9,59.9,22.2,22.82,58.36,6.44,71.48,Cotton
86.1,41.3,52.1,29.51,79.14,5.91,218.06,Jute
19.4,19.6,41.2,31.78,92.02,6.42,36.61,Pomegranate
35.0,58.6,26.0,31.84,81.99,6.33,58.78,Mungbean
72.3,53.1,35.7,26.28,63.79,5.58,112.2,Maize
39.9,41.4,51.4,24.78,54.33,7.35,131.54,Mango
16.2,16.7,40.5,30.09,89.07,7.32,57.13,Pomegranate
99.9,22.1,37.5,16.71,80.16,5.54,173.08,Coffee
16.3,61.5,19.0,27.86,41.65,4.44,69.25,Mothbeans
37.6,60.5,21.3,33.25,79.49,6.64,66.69,Blackgram
110.9,77.2,56.1,31.84,81.45,5.52,89.32,Banana
135.2,40.0,24.5,23.73,50.65,7.36,50.46,Cotton
29.7,77.1,18.9,32.38,39.89,7.08,145.38,Pigeonpeas
30.5,58.8,21.8,28.2,73.63,6.2,59.39,Blackgram
21.8,33.8,33.8,35.0,70.94,6.94,79.55,Mango
112.0,46.6,33.4,25.45,76.24,5.64,175.67,Sugarcane
118.5,24.3,42.0,21.39,59.13,5.79,122.58,Coffee
32.9,18.9,31.3,29.67,93.4,6.28,239.95,Coconut
29.4,46.5,77.0,26.22,70.55,5.69,53.83,Groundnut
16.5,72.2,22.3,22.13,48.86,7.63,47.32,Lentil
22.8,126.4,191.3,27.5,73.9,6.78,75.75,Grapes
117.6,15.3,29.2,22.55,64.76,6.42,140.78,Coffee
90.2,63.5,39.0,20.16,78.05,5.69,260.34,Rice
30.1,59.1,22.6,24.83,35.97,5.54,161.29,Pigeonpeas
41.7,60.8,90.9,16.06,48.72,6.55,94.63,Chickpea
19.5,51.0,22.3,27.73,51.63,5.26,48.53,Mothbeans
18.1,146.4,191.0,20.02,87.55,5.52,149.96,Apple
120.6,20.7,21.9,33.73,81.09,5.76,240.51,Sugarcane
78.0,51.5,54.1,25.75,82.47,6.3,154.86,Jute
18.7,49.9,81.2,31.3,76.01,6.57,64.37,Groundnut
8.1,15.5,45.1,32.94,91.91,5.68,60.94,Pomegranate
34.3,35.9,31.3,29.4,66.75,6.25,111.98,Mango
5.6,11.4,38.4,32.46,87.31,7.0,51.88,Pomegranate
37.5,66.8,25.5,27.64,62.09,7.96,57.99,Blackgram
22.6,12.6,44.2,34.12,84.14,6.32,139.51,Coconut
44.3,75.3,59.7,37.86,83.16,6.78,154.51,Papaya
99.7,46.5,46.7,28.88,64.39,6.87,99.71,Maize
124.0,78.1,55.9,32.16,90.53,5.53,147.68,Banana
49.9,60.7,24.1,28.26,71.56,7.82,71.25,Blackgram
42.5,77.4,56.9,29.81,89.74,6.57,146.32,Papaya
26.6,148.8,198.4,9.45,94.92,5.77,123.1,Apple
32.8,43.5,26.5,26.36,57.18,4.22,51.71,Mothbeans
95.2,56.0,40.5,20.08,93.96,5.63,266.41,Rice
30.6,58.2,23.5,24.54,64.2,5.37,45.12,Mothbeans
23.1,54.8,28.7,27.88,83.74,7.28,33.74,Mungbean
74.5,59.0,42.0,29.43,58.57,6.72,106.88,Maize
17.3,53.6,69.1,26.4,68.97,5.63,85.47,Groundnut
27.0,49.7,18.2,24.8,42.05,4.92,47.7,Mothbeans
31.4,82.9,26.7,21.27,61.29,7.44,176.8,Pigeonpeas
80.2,64.0,30.4,22.23,56.26,6.49,112.94,Maize
94.1,52.3,23.5,19.17,69.73,6.97,54.61,Wheat
25.3,15.9,5.3,34.47,92.84,7.32,95.67,Orange
18.9,9.1,51.4,33.63,88.77,6.11,54.98,Pomegranate
10.8,15.1,38.0,24.07,94.01,6.68,37.9,Pomegranate
28.9,146.4,213.7,15.29,90.62,6.29,118.2,Apple
22.9,66.7,22.1,29.42,38.24,7.29,39.7,Lentil
90.2,56.5,38.2,17.26,67.46,6.18,118.12,Wheat
72.8,52.9,41.8,21.85,62.54,5.79,99.61,Maize
25.4,11.8,17.7,34.18,81.82,6.75,114.72,Orange
30.6,79.2,73.6,21.9,39.87,7.08,61.35,Chickpea
91.2,70.6,49.7,29.95,85.74,6.29,100.35,Banana
28.4,47.1,72.5,26.16,66.45,6.14,50.21,Groundnut
40.3,70.0,28.6,28.89,79.96,6.23,79.49,Blackgram
69.5,64.2,48.9,30.67,80.87,6.35,155.32,Papaya
16.4,78.5,20.0,28.67,31.03,7.74,57.41,Lentil
75.8,58.8,33.5,29.27,73.87,5.9,90.55,Maize
112.3,58.8,26.9,24.54,47.67,6.61,97.44,Cotton
110.1,47.6,49.0,24.87,84.14,7.37,164.06,Sugarcane
90.5,49.9,37.9,23.99,62.71,5.55,116.71,Maize
145.0,56.9,15.7,34.07,52.86,7.92,79.35,Cotton
47.0,62.3,55.1,36.57,91.74,6.09,166.31,Papaya
110.6,66.0,32.8,28.18,46.16,6.15,96.28,Cotton
27.4,139.3,212.2,11.92,92.32,5.51,151.18,Apple
97.0,58.6,47.5,25.29,93.67,6.14,245.35,Rice
27.1,37.6,81.4,28.91,79.89,6.68,91.85,Groundnut
24.0,44.3,27.6,29.45,84.74,6.91,57.79,Mungbean
84.6,42.4,46.6,19.92,63.19,6.66,78.76,Maize
34.6,143.3,213.4,9.7,91.19,6.07,139.23,Apple
120.5,45.0,25.9,16.93,66.91,6.36,81.09,Wheat
22.6,27.2,27.5,31.63,56.1,7.44,93.6,Mango
24.7,124.7,209.7,11.62,85.93,5.95,125.7,Apple
51.7,72.4,47.1,30.42,86.37,6.04,147.42,Papaya
48.0,72.7,89.8,29.31,35.15,6.23,88.2,Chickpea
123.1,41.3,15.5,23.05,71.55,6.86,90.14,Wheat
47.1,62.3,22.8,29.07,73.68,7.66,70.76,Blackgram
13.7,46.5,73.8,25.34,75.66,7.17,65.2,Groundnut
23.9,70.1,24.3,30.55,43.59,7.35,159.22,Pigeonpeas
68.4,63.3,52.5,22.52,88.11,6.09,289.75,Rice
113.9,27.8,49.7,22.4,80.11,6.4,224.81,Sugarcane
15.9,127.5,192.5,10.28,89.41,5.52,157.98,Apple
89.4,60.9,29.3,14.8,69.39,6.07,102.13,Wheat
136.4,43.1,25.6,25.1,57.3,6.12,99.85,Cotton
34.4,33.6,47.9,31.5,67.37,5.67,65.46,Mango
5.5,5.3,53.8,19.85,85.97,6.47,36.28,Pomegranate
41.3,78.3,16.0,32.78,55.57,7.87,71.87,Blackgram
71.3,37.1,44.0,36.91,91.68,5.76,233.04,Jute
124.7,51.0,46.9,29.31,85.44,5.68,95.69,Banana
99.7,20.9,40.5,24.25,75.37,5.87,177.99,Sugarcane
26.6,66.2,34.7,31.81,35.17,6.85,173.37,Pigeonpeas
23.3,52.2,29.8,26.48,93.26,6.36,48.12,Mungbean
18.1,51.8,15.5,31.5,42.96,3.97,65.16,Mothbeans
19.0,9.4,6.2,23.96,93.09,7.32,119.41,Orange
28.8,23.7,49.7,27.87,85.22,5.63,188.3,Coconut
9.7,12.8,45.6,33.9,92.63,7.41,67.82,Pomegranate
29.2,127.5,208.3,19.31,82.75,6.98,147.91,Apple
21.8,55.6,19.2,27.44,45.76,4.74,52.82,Mothbeans
59.9,73.1,85.0,20.44,45.43,7.33,91.84,Chickpea
129.8,58.3,26.7,26.52,66.14,7.23,90.69,Cotton
27.6,75.5,23.6,20.19,34.53,6.06,163.49,Pigeonpeas
16.6,14.7,14.2,20.28,87.45,7.5,127.09,Orange
46.4,77.9,80.2,24.66,22.47,6.28,55.43,Chickpea
15.5,15.1,40.1,18.58,92.78,7.44,55.26,Pomegranate
92.4,61.4,35.5,25.89,81.64,6.9,276.27,Rice
94.2,62.5,26.2,18.41,57.74,7.21,82.83,Wheat
34.6,116.7,213.1,13.9,84.65,6.72,88.02,Grapes
59.0,55.2,47.7,29.89,94.15,7.01,135.92,Papaya
88.5,31.3,42.0,29.11,92.45,5.69,209.4,Sugarcane
112.9,55.3,25.4,29.55,59.38,6.89,69.56,Cotton
37.6,70.2,80.5,27.54,49.41,6.17,55.06,Chickpea
31.5,73.4,15.8,29.08,59.43,7.26,59.9,Blackgram
128.4,64.1,24.1,21.49,50.35,6.8,81.84,Wheat
126.4,51.2,55.7,32.09,82.13,6.24,139.21,Banana
92.9,37.2,49.3,25.71,66.25,6.86,80.67,Maize
119.1,39.6,36.9,21.73,84.8,5.95,144.03,Coffee
34.0,121.4,213.7,33.93,71.92,6.96,67.19,Grapes
28.1,80.2,27.7,27.4,45.72,6.46,36.08,Lentil
17.6,137.6,203.2,30.54,87.0,6.56,78.3,Grapes
18.9,67.0,18.1,22.57,54.43,6.19,35.25,Lentil
95.1,46.3,18.4,15.07,58.2,6.01,102.29,Wheat
31.5,52.9,21.2,26.11,50.6,4.82,60.73,Mothbeans
33.4,5.9,42.5,26.31,74.31,5.1,159.95,Coconut
22.5,82.1,29.5,27.73,41.22,6.78,144.42,Pigeonpeas
124.4,23.1,34.5,27.67,71.22,5.91,155.59,Coffee
73.7,46.3,46.8,26.99,79.64,5.66,170.23,Jute
88.6,42.2,42.9,25.37,81.0,5.97,270.22,Rice
85.0,39.7,28.0,32.61,92.93,5.61,249.64,Sugarcane
70.8,59.2,45.8,23.87,83.71,6.6,212.21,Rice
5.5,19.4,43.4,20.94,90.24,7.17,48.6,Pomegranate
28.1,62.8,22.4,32.71,85.81,6.96,35.97,Mungbean
24.0,72.0,23.9,27.14,34.44,6.58,36.63,Lentil
15.9,8.2,46.2,35.96,94.09,6.26,37.16,Pomegranate
20.6,53.9,21.3,24.52,46.57,5.4,44.31,Mothbeans
25.1,73.0,22.4,20.12,45.22,7.03,58.54,Lentil
87.3,55.9,29.1,21.51,54.25,6.12,110.96,Wheat
25.2,36.3,78.5,32.4,59.4,7.07,74.25,Groundnut
33.4,23.6,51.4,29.48,71.01,6.92,86.77,Mango
17.5,10.2,11.3,21.89,90.33,6.32,117.87,Orange
15.3,81.9,28.1,35.27,60.67,6.92,163.13,Pigeonpeas
120.8,61.1,16.6,28.98,60.4,6.55,65.5,Cotton
20.5,11.4,36.0,26.18,73.73,5.55,121.98,Coconut
29.3,34.1,32.7,29.05,71.74,6.39,81.88,Mango
45.7,69.7,25.8,29.29,72.02,7.99,66.34,Blackgram
20.8,5.7,48.1,32.49,88.17,6.13,127.98,Coconut
55.0,55.8,50.6,29.99,92.41,6.13,136.75,Papaya
33.7,74.0,25.8,34.32,59.45,7.89,64.73,Blackgram
14.2,12.1,49.5,28.2,83.49,7.03,40.08,Pomegranate
45.8,69.6,57.6,33.69,83.05,7.22,173.6,Papaya
110.7,34.5,20.9,34.25,74.12,7.28,165.71,Sugarcane
60.3,76.3,51.0,29.04,94.84,6.01,149.1,Papaya
18.6,17.2,42.7,34.79,70.04,5.05,201.31,Coconut
11.0,64.9,70.1,26.81,73.57,5.68,92.21,Groundnut
17.9,147.1,213.5,22.0,79.12,6.4,65.83,Grapes
27.3,25.9,33.4,34.85,71.21,5.92,77.65,Mango
37.5,35.2,37.4,34.74,71.1,7.02,108.43,Mango
41.6,75.0,76.8,26.19,34.72,6.31,70.09,Chickpea
105.6,64.7,71.6,29.76,84.08,6.13,132.95,Banana
53.0,70.9,48.7,35.64,89.86,6.26,164.5,Papaya
19.7,83.3,31.1,25.49,30.45,6.12,129.52,Pigeonpeas
17.0,61.6,22.7,28.1,86.06,6.09,58.71,Mungbean
17.3,82.3,20.2,22.31,52.57,6.62,123.15,Pigeonpeas
24.1,134.1,190.2,24.86,89.04,6.76,60.49,Grapes
13.8,10.6,42.6,28.59,80.51,6.9,55.18,Pomegranate
60.2,49.9,45.7,36.31,77.62,6.62,240.35,Jute
60.6,51.0,40.5,27.79,86.07,6.55,195.15,Rice
64.6,59.6,54.3,20.86,75.51,5.97,261.28,Rice
18.8,55.9,26.6,32.48,81.0,7.49,36.8,Mungbean
118.0,55.0,26.3,26.78,51.38,6.21,78.7,Cotton
22.6,116.1,197.7,8.17,87.4,5.6,67.7,Grapes
125.6,53.8,17.9,21.99,62.46,7.07,85.62,Wheat
36.1,81.4,88.4,19.09,39.16,6.83,70.68,Chickpea
50.6,57.0,60.9,34.46,84.91,6.76,136.57,Papaya
17.4,65.9,19.4,29.34,34.75,7.27,44.26,Lentil
52.5,61.6,52.6,32.59,89.57,6.73,159.42,Papaya
27.7,53.1,79.7,30.1,70.29,5.84,98.51,Groundnut
28.8,42.6,28.4,27.31,93.0,6.31,42.37,Mungbean
13.5,81.9,15.2,29.36,40.27,6.62,36.73,Lentil
78.5,59.2,43.1,22.75,75.41,6.99,94.7,Maize
83.9,35.5,37.9,20.9,58.59,6.36,96.89,Maize
18.9,20.0,47.6,26.83,87.1,7.25,60.02,Pomegranate
29.4,12.9,9.0,26.98,93.32,6.78,106.69,Orange
23.3,78.1,23.6,22.26,56.41,7.73,34.58,Lentil
78.6,48.3,39.3,23.79,93.02,6.69,200.36,Rice
30.7,70.1,25.9,31.62,68.56,7.95,69.96,Blackgram
69.4,57.6,48.9,21.62,73.07,5.52,99.22,Maize
96.9,35.7,41.0,23.24,86.54,6.0,184.57,Sugarcane
28.3,53.2,25.0,30.68,54.74,4.87,62.25,Mothbeans
33.0,120.4,205.1,25.48,87.37,5.75,71.73,Grapes
34.6,125.3,194.5,23.24,78.46,6.92,60.0,Grapes
20.9,41.5,21.7,31.19,80.47,7.09,51.72,Mungbean
28.7,78.6,24.8,23.86,59.28,6.25,176.22,Pigeonpeas
12.8,62.5,23.5,19.54,34.67,7.39,52.87,Lentil
21.8,49.7,26.4,26.04,87.69,7.22,36.37,Mungbean
18.2,36.1,50.9,25.42,56.38,6.45,127.18,Mango
22.0,84.1,24.8,18.49,31.35,6.47,174.35,Pigeonpeas
85.7,52.3,41.3,27.2,65.41,6.78,89.88,Maize
67.9,73.6,47.5,25.44,86.47,7.04,179.4,Papaya
16.5,26.7,34.6,28.95,59.73,6.25,134.5,Mango
40.0,37.6,47.2,34.95,50.26,6.1,134.01,Mango
10.8,13.1,39.2,30.64,85.2,7.12,61.85,Pomegranate
85.7,69.8,50.4,26.82,79.82,5.62,141.37,Banana
25.0,147.7,215.3,14.22,81.65,5.66,101.27,Apple
28.4,7.8,5.4,26.55,86.79,6.53,127.08,Orange
68.9,46.4,46.2,32.06,81.83,6.49,221.59,Jute
97.5,27.5,34.2,27.04,55.64,5.87,162.35,Coffee
105.4,66.4,36.6,15.31,69.75,6.62,115.4,Wheat
131.9,42.5,30.4,30.55,53.88,7.29,52.21,Cotton
114.3,56.3,39.4,16.3,59.95,6.28,58.55,Wheat
108.8,56.4,73.9,32.42,81.68,6.91,117.29,Banana
141.4,62.8,28.5,28.36,59.44,6.54,70.71,Cotton
18.2,59.5,27.5,32.48,87.86,6.31,33.31,Mungbean
135.4,61.0,18.3,34.39,58.08,7.57,86.04,Cotton
82.1,59.9,47.4,26.89,86.55,6.56,185.5,Rice
11.9,45.1,61.7,31.41,66.88,5.92,89.78,Groundnut
16.4,136.6,219.8,27.51,73.85,6.06,86.29,Grapes
35.3,66.1,87.5,28.66,18.45,7.9,94.62,Chickpea
58.6,60.1,84.0,23.38,17.01,6.7,93.38,Chickpea
19.0,61.4,24.3,24.55,33.53,6.56,53.06,Lentil
29.3,147.3,192.0,14.7,93.97,6.26,101.31,Apple
110.3,75.2,64.9,34.41,87.27,6.68,96.78,Banana
106.7,69.8,17.9,28.9,45.21,7.3,72.0,Cotton
86.2,49.1,38.4,28.17,65.77,7.26,103.65,Maize
25.5,74.3,22.9,20.79,58.8,7.13,146.91,Pigeonpeas
55.8,56.3,54.4,31.82,86.62,6.4,170.16,Papaya
16.4,127.4,217.3,23.53,81.5,6.29,143.61,Apple
18.0,21.1,47.6,31.03,64.79,7.0,94.65,Mango
16.2,11.3,35.4,35.11,83.85,6.81,65.32,Pomegranate
24.8,74.5,16.1,25.77,40.19,7.06,50.78,Lentil
25.0,76.6,29.4,26.24,43.68,7.01,175.25,Pigeonpeas
87.6,42.4,50.1,24.42,90.35,5.65,236.8,Jute
56.5,83.5,83.9,22.47,19.45,7.99,73.45,Chickpea
81.5,35.2,36.3,32.71,89.34,6.8,192.42,Jute
91.2,28.9,30.6,16.97,81.92,6.49,127.02,Coffee
24.3,59.0,25.8,25.22,63.3,3.99,30.35,Mothbeans
88.7,41.1,47.7,22.11,84.77,6.86,281.53,Rice
80.9,52.6,35.9,26.13,73.51,6.58,222.16,Jute
80.7,35.2,51.6,27.23,72.33,6.51,232.11,Jute
15.5,40.8,79.9,30.48,79.21,6.45,58.82,Groundnut
10.5,58.6,21.2,22.76,44.59,6.1,45.85,Lentil
146.0,60.8,25.9,32.28,53.99,7.79,76.85,Cotton
96.6,27.1,42.4,33.97,92.43,5.54,231.74,Sugarcane
37.5,38.4,39.3,32.64,68.17,7.02,105.43,Mango
15.8,77.5,30.2,26.25,32.81,6.6,127.84,Pigeonpeas
15.7,12.8,40.0,26.33,94.04,7.35,58.81,Pomegranate
30.9,42.1,17.5,31.48,88.54,7.3,48.93,Mungbean
18.3,44.0,19.9,27.01,42.07,3.66,61.85,Mothbeans
19.3,18.2,9.0,30.96,91.93,6.83,99.66,Orange
64.0,55.2,61.7,25.34,83.05,7.41,154.27,Papaya
17.0,16.9,51.7,29.72,63.38,6.24,107.36,Mango
73.0,54.9,38.1,21.77,59.33,7.32,80.54,Maize
27.4,53.8,71.9,30.55,57.99,6.53,78.76,Groundnut
78.5,48.7,40.8,24.88,72.46,6.59,198.72,Jute
128.1,16.4,40.5,15.93,69.1,5.79,187.32,Coffee
22.7,115.4,196.5,32.54,84.55,5.63,85.45,Grapes
98.6,34.1,43.5,18.3,83.85,6.17,151.77,Coffee
108.2,36.9,25.6,34.84,92.04,6.48,180.91,Sugarcane
31.2,132.1,208.7,33.12,77.81,5.96,62.1,Grapes
26.0,61.8,24.7,31.03,45.15,7.39,129.59,Pigeonpeas
57.0,69.9,85.1,29.96,47.2,7.88,96.43,Chickpea
30.9,109.2,212.5,8.55,81.12,6.3,92.49,Grapes
16.8,82.4,26.9,20.52,32.91,7.28,32.22,Lentil
98.8,36.3,39.5,32.36,80.08,5.85,195.91,Jute
47.5,68.6,54.9,34.56,85.35,7.37,133.22,Papaya
26.5,14.7,39.8,29.63,83.88,6.64,142.9,Coconut
22.2,19.3,10.2,23.79,84.41,7.49,109.83,Orange
113.8,27.6,29.4,18.77,66.83,5.7,126.6,Coffee
109.3,49.8,24.2,25.41,66.57,7.06,81.96,Cotton
19.2,64.8,19.7,33.69,40.94,7.33,178.35,Pigeonpeas
121.5,23.1,41.6,23.53,72.85,5.71,169.86,Sugarcane
68.2,62.5,38.8,27.31,64.52,6.57,81.56,Maize
31.4,139.7,180.8,18.68,87.08,6.64,96.86,Grapes
15.2,53.5,22.4,24.74,64.25,5.12,55.92,Mothbeans
111.5,29.0,39.8,30.61,76.75,6.71,163.72,Sugarcane
110.9,31.0,31.2,19.51,71.19,6.71,155.35,Coffee
20.7,10.2,19.3,34.29,88.65,6.03,122.55,Orange
33.4,68.7,26.0,29.91,73.28,7.21,60.85,Blackgram
28.6,51.1,18.0,31.35,83.1,6.53,56.1,Mungbean
55.8,83.7,74.7,24.31,21.36,6.44,67.26,Chickpea
49.7,74.5,20.1,27.37,76.57,7.83,73.42,Blackgram
106.9,23.7,31.4,22.72,55.73,5.96,199.01,Coffee
29.5,83.4,22.3,21.83,59.23,6.94,34.89,Lentil
12.7,57.9,77.6,29.46,56.02,6.16,55.79,Groundnut
15.9,10.1,51.4,23.55,86.15,6.65,36.66,Pomegranate
78.6,55.9,40.8,27.74,56.58,7.05,87.46,Maize
141.2,51.0,31.5,22.54,62.97,7.09,99.49,Cotton
23.4,60.1,32.0,21.46,39.81,6.54,174.96,Pigeonpeas
18.9,37.8,61.4,30.13,69.59,5.94,96.78,Groundnut
15.4,16.3,50.9,27.82,84.7,6.8,42.87,Pomegranate
97.2,36.2,49.1,29.67,83.84,7.18,231.84,Sugarcane
36.1,69.8,25.9,26.69,69.47,6.1,76.6,Blackgram
31.1,77.3,32.5,21.6,49.96,6.99,169.98,Pigeonpeas
22.5,135.9,209.4,18.69,82.84,6.34,94.25,Grapes
15.5,128.6,202.9,15.66,84.91,6.69,67.24,Grapes
115.8,43.2,15.1,26.01,54.0,6.54,56.63,Cotton
117.5,61.3,27.7,24.16,48.48,6.41,60.35,Cotton
24.7,46.8,23.5,28.3,43.66,4.71,40.1,Mothbeans
95.4,29.0,34.8,23.48,60.88,6.42,178.85,Coffee
69.0,41.0,35.5,21.96,84.5,6.77,188.74,Rice
32.6,43.4,28.8,30.88,60.03,3.88,48.99,Mothbeans
53.6,80.6,84.3,22.84,47.91,7.63,81.41,Chickpea
121.7,53.6,27.2,26.02,63.54,7.48,55.97,Cotton
31.4,130.2,196.8,12.3,89.85,6.15,61.04,Grapes
31.8,76.8,25.9,33.26,78.07,7.85,79.55,Blackgram
17.3,133.1,189.6,13.93,85.07,6.49,63.58,Grapes
30.0,62.2,34.7,18.62,40.84,7.05,171.28,Pigeonpeas
102.9,46.2,43.6,30.1,83.06,6.34,191.44,Sugarcane
40.0,67.8,28.7,25.75,75.85,7.28,76.95,Blackgram
67.4,71.3,57.1,30.84,86.28,6.85,169.61,Papaya
11.4,67.5,18.9,26.59,33.63,7.55,49.41,Lentil
112.9,55.3,70.6,34.64,82.15,5.53,140.17,Banana
121.5,29.9,21.3,27.99,74.2,6.65,232.17,Sugarcane
35.3,79.3,18.0,29.54,57.23,6.27,78.28,Blackgram
56.9,55.3,51.1,33.39,93.4,6.93,122.56,Papaya
99.7,61.1,74.0,30.6,84.51,5.89,115.26,Banana
112.9,48.2,29.1,20.23,68.62,6.07,92.45,Wheat
118.5,68.5,21.5,22.03,64.35,7.47,86.55,Cotton
94.9,67.6,58.6,31.7,85.6,5.9,147.67,Banana
49.4,59.3,29.2,27.22,72.36,6.69,70.2,Blackgram
66.8,53.9,40.5,28.09,58.69,6.86,61.89,Maize
111.2,63.6,67.9,26.81,70.47,6.55,140.39,Banana
63.2,77.5,62.5,25.2,81.81,6.4,153.27,Papaya
113.8,42.5,26.1,29.8,60.19,7.56,84.52,Cotton
42.3,71.0,85.5,17.55,47.65,6.74,57.17,Chickpea
20.0,114.3,197.9,25.8,75.44,6.67,63.2,Grapes
107.1,52.4,19.7,16.34,68.91,6.94,103.2,Wheat
22.5,58.5,68.7,25.04,60.89,5.74,76.51,Groundnut
73.3,38.7,34.2,28.67,73.58,7.29,83.2,Maize
45.4,62.5,49.6,28.8,87.28,7.2,143.53,Papaya
82.9,48.3,24.8,27.41,84.77,7.1,217.84,Sugarcane
15.7,140.7,205.2,26.94,83.95,6.47,70.45,Grapes
24.1,18.3,17.9,11.87,93.39,6.84,120.25,Orange
27.0,58.7,29.1,27.41,87.14,6.42,35.01,Mungbean
20.0,13.9,47.4,26.49,86.01,6.87,206.4,Coconut
93.0,52.7,56.0,34.47,72.93,6.58,110.46,Banana
10.6,16.4,38.2,31.47,82.49,6.38,68.88,Pomegranate
26.8,10.2,9.3,24.91,91.01,6.19,110.13,Orange
35.3,59.5,90.5,15.46,16.36,7.08,97.9,Chickpea
17.6,11.5,37.3,21.45,83.91,6.11,50.56,Pomegranate
28.9,80.1,21.5,28.17,39.02,8.0,32.53,Lentil
17.7,22.2,35.2,24.65,60.01,7.09,144.92,Mango
17.4,42.7,21.7,25.19,41.84,5.04,57.51,Mothbeans
28.1,127.4,202.6,15.95,88.01,6.3,149.28,Apple
67.6,43.1,41.8,25.24,76.84,5.88,105.7,Maize
32.7,56.4,19.7,25.71,58.08,7.05,74.3,Blackgram
70.9,44.6,45.8,21.11,79.63,6.54,264.77,Rice
24.1,64.8,23.8,26.22,54.19,3.9,32.04,Mothbeans
16.1,143.3,187.2,21.65,77.84,6.98,86.37,Grapes
37.4,75.1,92.0,21.34,34.97,7.73,81.31,Chickpea
139.9,61.4,16.6,24.0,62.79,7.27,86.98,Cotton
16.8,23.8,41.4,33.35,93.76,6.28,212.05,Coconut
61.3,47.3,44.2,27.19,79.46,6.79,85.22,Maize
106.0,58.9,57.1,31.81,83.84,5.96,131.99,Banana
73.8,45.3,47.9,30.66,74.02,5.83,233.47,Jute
17.0,144.2,194.5,17.39,85.73,6.38,151.12,Apple
34.7,147.9,212.5,8.47,77.2,5.57,92.3,Grapes
23.7,20.7,38.6,27.36,86.57,5.16,241.01,Coconut
17.6,44.6,24.6,26.2,90.07,6.2,31.21,Mungbean
61.8,57.5,38.9,30.68,93.71,5.75,245.63,Jute
98.9,36.4,25.4,25.69,75.69,5.91,164.29,Coffee
31.0,60.9,17.9,27.96,91.59,6.7,32.73,Mungbean
102.1,65.2,67.0,25.99,86.18,6.0,89.64,Banana
17.4,22.0,45.0,34.99,80.35,5.67,192.85,Coconut
36.3,72.7,20.9,27.22,58.54,6.2,57.36,Blackgram
136.1,58.8,18.0,27.35,62.16,7.72,54.33,Cotton
29.2,55.2,15.5,26.12,56.01,7.99,55.87,Lentil
117.2,60.5,16.0,23.29,64.6,6.92,56.21,Cotton
96.2,70.8,65.6,32.13,87.71,6.6,97.94,Banana
19.7,11.8,7.3,22.61,93.71,6.44,104.55,Orange
83.8,65.9,36.4,19.38,62.68,6.69,88.8,Wheat
66.8,78.1,63.1,35.53,88.86,7.14,140.46,Papaya
22.3,20.8,42.6,33.19,51.32,5.56,77.8,Mango
15.5,36.9,68.6,28.89,68.17,5.75,85.49,Groundnut
128.5,75.8,51.3,31.49,86.24,6.15,123.82,Banana
17.3,16.0,43.5,25.09,81.07,6.48,59.62,Pomegranate
108.7,44.8,26.2,34.46,50.8,6.81,59.22,Cotton
31.5,17.1,26.7,30.22,55.15,7.22,96.98,Mango
67.7,44.8,52.3,27.74,80.58,6.46,227.96,Rice
23.2,6.6,40.0,27.45,83.68,6.24,192.48,Coconut
112.8,78.5,54.7,32.32,88.36,6.94,119.84,Banana
26.3,109.7,197.5,15.15,88.26,6.58,80.38,Grapes
43.8,68.4,60.5,30.3,88.77,6.21,135.62,Papaya
104.5,22.7,27.0,24.84,83.16,5.5,241.79,Sugarcane
127.5,68.6,24.2,31.21,55.96,6.58,84.64,Cotton
29.7,30.6,36.8,27.16,64.96,6.35,99.61,Mango
41.9,70.8,18.0,27.17,65.12,6.65,60.64,Blackgram
18.2,62.4,70.4,29.45,72.76,7.01,56.85,Groundnut
92.1,46.2,52.1,29.81,72.97,6.25,215.34,Jute
36.1,42.3,25.6,32.13,61.37,7.07,69.99,Mango
96.7,57.5,18.5,16.2,74.19,7.05,77.44,Wheat
30.6,80.9,15.2,18.24,58.24,7.24,157.05,Pigeonpeas
80.0,40.4,53.3,26.96,80.97,6.46,253.08,Rice
24.5,51.7,20.4,30.42,83.96,6.89,46.84,Mungbean
34.1,13.6,48.0,33.58,78.37,5.53,132.78,Coconut
96.9,60.8,31.2,22.22,71.31,7.29,76.6,Wheat
96.8,63.0,18.3,16.52,54.06,7.25,103.98,Wheat
27.4,126.6,195.5,19.94,88.39,6.76,148.99,Apple
96.5,33.4,32.8,19.92,62.89,6.13,139.16,Coffee
21.3,148.3,190.3,13.71,84.24,6.1,111.69,Apple
98.8,60.8,35.2,25.77,88.63,6.31,212.02,Rice
28.5,11.2,5.2,13.83,85.62,7.63,122.8,Orange
35.6,66.5,76.6,25.61,27.27,7.61,94.79,Chickpea
59.5,75.7,92.6,29.64,38.24,6.29,72.25,Chickpea
97.5,63.9,27.9,29.99,66.97,5.99,96.26,Maize
21.1,59.1,18.8,33.05,88.79,6.94,50.1,Mungbean
83.0,28.4,24.1,24.59,92.12,6.55,213.08,Sugarcane
90.8,35.2,38.8,29.15,65.17,7.37,112.7,Maize
104.2,47.1,29.3,18.9,74.82,6.44,118.46,Wheat
51.3,71.8,90.9,20.64,33.16,7.85,69.13,Chickpea
125.1,67.1,18.6,32.46,69.54,7.91,53.45,Cotton
82.9,39.5,33.2,24.24,57.91,5.91,94.99,Maize
16.9,7.9,47.1,23.62,84.86,6.52,30.94,Pomegranate
87.2,63.5,34.3,27.16,69.35,6.56,83.88,Maize
12.2,68.7,15.1,27.64,42.01,7.71,40.64,Lentil
19.4,68.8,20.0,26.13,51.12,6.51,52.43,Lentil
49.8,68.0,18.0,28.91,77.11,6.18,76.78,Blackgram
44.0,65.1,29.1,27.36,65.13,7.56,58.66,Blackgram
103.0,50.5,20.6,29.0,53.09,7.41,64.47,Cotton
18.5,63.1,29.0,20.61,40.66,6.27,56.97,Lentil
22.1,66.3,16.5,25.68,38.28,6.74,57.71,Lentil
81.9,28.3,24.3,29.91,87.34,5.58,238.96,Sugarcane
48.0,69.3,16.5,29.05,61.52,7.37,77.9,Blackgram
127.6,41.0,24.3,17.32,73.76,7.28,56.95,Wheat
23.3,41.3,29.2,31.18,63.07,4.09,32.12,Mothbeans
22.8,48.6,20.7,27.93,58.1,5.32,33.58,Mothbeans
98.9,36.4,23.0,28.23,91.6,6.8,218.72,Sugarcane
76.3,37.7,36.4,27.83,93.68,6.7,245.67,Jute
30.8,17.1,35.6,26.8,82.74,6.1,178.51,Coconut
34.7,59.4,21.8,29.39,56.07,7.2,154.42,Pigeonpeas
135.3,48.9,27.3,23.1,48.35,6.24,65.27,Cotton
46.1,58.4,64.5,28.0,91.13,6.32,142.34,Papaya
12.5,10.9,42.5,27.84,81.62,5.95,69.01,Pomegranate
15.1,46.0,26.7,32.94,94.17,7.45,33.4,Mungbean
37.1,38.3,29.4,27.7,60.29,6.24,60.73,Mango
20.7,47.1,17.7,32.69,87.1,7.14,31.96,Mungbean
22.4,16.0,26.3,32.03,90.52,5.72,231.96,Coconut
82.7,57.7,29.4,28.27,77.43,7.15,90.92,Maize
85.1,58.8,43.4,20.51,82.63,6.99,243.49,Rice
9.2,8.9,37.0,32.34,88.81,7.03,43.21,Pomegranate
149.5,46.8,28.7,33.02,61.34,7.72,87.98,Cotton
27.1,46.1,69.3,27.28,63.78,7.46,93.72,Groundnut
16.5,11.7,13.7,10.82,84.35,6.84,98.92,Orange
32.9,108.5,217.9,18.91,76.9,6.61,98.72,Grapes
24.8,82.2,16.0,22.3,40.73,6.4,145.98,Pigeonpeas
24.4,55.6,25.2,19.72,56.26,6.75,124.88,Pigeonpeas
58.1,64.6,78.9,29.37,19.71,7.72,99.31,Chickpea
84.5,78.3,66.7,26.41,72.8,6.6,145.31,Banana
17.9,58.1,26.8,33.69,84.88,6.62,49.79,Mungbean
95.0,55.3,46.5,33.02,94.15,6.34,227.0,Jute
22.9,50.8,29.4,33.02,84.1,7.22,46.4,Mungbean
17.2,15.9,44.1,18.87,84.23,5.74,49.58,Pomegranate
16.4,6.4,37.6,31.73,82.0,7.05,65.92,Pomegranate
30.9,126.0,204.1,14.22,77.91,6.31,78.42,Grapes
18.0,146.5,217.8,12.33,91.86,6.46,114.94,Apple
29.9,105.8,194.7,31.89,89.08,6.37,60.07,Grapes
125.6,35.1,31.7,24.34,77.97,5.94,239.58,Sugarcane
28.2,6.8,45.4,33.87,92.58,6.27,120.02,Coconut
32.7,83.4,84.4,29.24,28.56,6.82,84.82,Chickpea
29.4,58.1,61.2,27.82,66.4,5.83,96.21,Groundnut
81.3,66.5,29.0,22.98,55.53,6.09,107.67,Wheat
16.0,52.9,16.8,27.51,52.19,5.03,31.45,Mothbeans
19.5,6.3,13.5,25.71,88.19,6.75,125.04,Orange
28.8,6.2,10.7,28.56,81.96,6.91,115.26,Orange
64.8,41.7,41.8,24.71,79.6,5.83,188.52,Rice
19.5,54.6,82.3,28.34,67.3,6.88,62.24,Groundnut
61.3,52.9,42.6,18.58,73.51,6.3,74.06,Maize
33.5,44.6,16.0,27.68,80.7,6.18,41.75,Mungbean
28.9,7.9,5.4,10.58,87.68,6.3,124.67,Orange
104.5,42.9,22.6,29.99,85.84,6.31,246.53,Sugarcane
82.3,49.4,39.6,27.36,79.7,6.45,193.3,Jute
108.5,75.0,46.5,25.08,85.76,6.57,148.56,Banana
97.4,52.4,35.4,19.83,63.25,6.26,110.0,Maize
99.1,62.0,50.3,34.65,91.64,5.63,139.66,Banana
129.7,72.9,49.5,33.53,86.44,6.7,83.73,Banana
6.0,19.7,41.2,21.38,90.41,6.58,43.24,Pomegranate
27.5,123.7,214.7,9.65,84.45,6.27,150.19,Apple
118.1,34.8,27.5,18.02,84.45,6.68,180.54,Coffee
104.7,62.6,34.0,17.39,73.1,6.85,94.47,Wheat
121.5,48.0,19.5,20.43,57.72,6.51,50.43,Wheat
67.6,37.9,43.6,23.39,84.34,6.59,260.8,Rice
89.4,47.1,42.2,26.84,82.19,5.59,186.94,Jute
82.0,62.7,26.8,19.82,72.9,6.27,90.97,Wheat
17.8,6.6,8.1,24.76,87.91,7.72,120.42,Orange
32.1,74.5,16.7,26.28,69.93,7.85,61.11,Blackgram
132.0,53.0,15.6,29.98,49.93,7.18,69.44,Cotton
104.8,26.2,48.0,26.3,70.07,6.84,240.69,Sugarcane
32.4,139.0,206.5,21.07,83.31,5.9,134.9,Apple
86.5,47.3,46.5,28.66,89.6,5.98,172.0,Jute
26.5,63.1,28.8,31.28,94.66,6.01,58.76,Mungbean
28.5,7.7,43.1,29.59,87.84,6.04,120.53,Coconut
28.1,118.4,184.8,10.31,79.78,6.5,80.39,Grapes
30.1,63.6,21.1,31.64,79.54,7.8,69.16,Blackgram
68.0,74.9,51.4,35.94,89.92,7.32,122.14,Papaya
44.8,80.0,94.6,18.68,22.9,7.3,60.8,Chickpea
21.3,19.5,6.5,16.53,84.53,6.62,112.56,Orange
16.2,137.6,180.3,24.31,89.75,5.65,80.89,Grapes
29.3,14.6,19.5,31.93,90.18,7.8,107.97,Orange
28.4,53.5,19.3,30.22,91.52,6.23,54.73,Mungbean
29.9,9.6,5.6,23.0,85.15,7.22,107.34,Orange
20.6,42.1,26.8,28.53,85.82,6.28,58.35,Mungbean
67.2,59.0,47.0,31.33,70.47,6.58,216.17,Jute
94.7,22.9,42.6,24.45,77.96,6.82,153.12,Coffee
25.2,127.5,213.0,21.83,94.91,5.87,149.24,Apple
22.6,113.8,193.7,24.4,79.56,6.51,64.03,Grapes
33.3,82.6,16.7,29.99,41.15,6.52,126.81,Pigeonpeas
21.5,79.7,24.7,20.63,39.55,6.14,179.12,Pigeonpeas
54.7,77.9,90.2,29.26,23.49,7.57,82.3,Chickpea
29.3,57.8,28.3,30.31,93.51,6.89,58.86,Mungbean
32.8,75.7,24.2,26.86,61.17,7.9,72.09,Blackgram
90.6,46.0,35.0,24.84,59.87,6.61,64.41,Maize
30.3,58.5,77.8,16.54,37.0,6.94,83.02,Chickpea
46.4,66.7,81.2,16.75,34.41,6.68,68.28,Chickpea
28.0,8.9,16.8,12.77,94.21,6.15,103.17,Orange
81.8,39.3,48.1,28.75,86.33,6.75,201.67,Jute
112.9,16.2,33.0,16.11,70.05,6.66,130.43,Coffee
27.1,58.2,18.6,21.91,44.39,7.44,44.1,Lentil
60.9,57.8,54.4,36.93,83.95,6.04,140.28,Papaya
41.5,75.4,22.6,34.18,74.3,7.46,64.21,Blackgram
106.7,50.2,48.5,26.72,81.93,6.54,140.81,Banana
84.8,59.0,48.7,28.17,92.9,6.92,188.59,Jute
55.3,69.7,63.9,26.26,84.46,6.51,153.85,Papaya
31.3,132.5,194.8,9.89,74.37,5.95,83.95,Grapes
77.9,47.7,40.6,22.0,93.47,6.16,283.36,Rice
23.1,53.1,29.4,31.55,48.85,4.71,58.73,Mothbeans
88.0,36.8,53.6,25.38,89.67,5.95,158.65,Jute
79.0,64.0,44.6,27.31,69.44,6.94,95.01,Maize
34.6,46.7,22.3,24.77,61.13,3.94,48.38,Mothbeans
87.8,45.5,45.6,33.3,71.87,6.48,174.09,Sugarcane
12.1,15.3,49.0,34.43,90.03,7.16,58.25,Pomegranate
24.1,83.0,34.7,34.46,34.21,6.77,177.15,Pigeonpeas
33.3,13.9,25.6,29.83,82.5,5.38,240.07,Coconut
57.0,68.0,48.3,29.96,91.18,7.39,127.91,Papaya
122.4,53.6,31.6,19.7,64.93,6.03,105.08,Wheat
145.9,69.8,32.3,23.65,66.65,6.5,85.57,Cotton
31.2,111.2,184.6,10.46,71.78,6.61,97.49,Grapes
94.3,36.1,30.3,27.34,79.58,6.47,210.9,Sugarcane
100.8,26.1,42.3,19.72,72.61,6.95,153.12,Coffee
29.2,28.5,51.8,25.12,53.13,6.61,62.89,Mango
85.5,58.0,45.4,25.01,80.49,5.62,214.29,Rice
98.1,45.4,20.4,23.37,62.16,6.34,59.63,Wheat
33.4,143.0,196.0,13.26,84.76,6.99,129.18,Apple
34.4,56.8,34.2,19.2,41.31,6.45,137.36,Pigeonpeas
35.5,67.0,75.7,29.78,37.16,6.68,87.59,Chickpea
119.8,74.0,70.3,31.22,77.06,6.62,126.69,Banana
136.8,49.5,20.4,22.97,50.07,7.56,79.24,Cotton
48.5,60.4,23.4,33.09,57.46,7.66,77.06,Blackgram
25.4,45.8,16.4,24.42,56.37,5.07,68.15,Mothbeans
59.2,62.5,81.2,15.72,31.04,7.98,63.16,Chickpea
18.0,52.7,62.5,32.4,79.45,5.63,98.76,Groundnut
47.8,62.9,52.8,30.75,85.98,7.37,136.1,Papaya
33.6,6.9,32.5,28.69,79.47,5.14,175.55,Coconut
16.1,56.2,72.3,26.08,72.89,6.47,55.47,Groundnut
100.9,36.1,46.0,28.17,92.04,6.45,157.9,Sugarcane
23.6,51.0,67.3,29.97,75.0,7.39,90.44,Groundnut
23.8,9.4,17.4,26.13,94.48,6.7,91.2,Orange
22.7,11.0,7.9,14.32,90.31,7.77,101.24,Orange
125.1,41.4,35.1,33.71,90.01,6.86,212.03,Sugarcane
15.1,76.1,26.6,24.63,61.45,5.83,132.77,Pigeonpeas
25.0,128.3,202.8,23.07,93.22,6.72,118.31,Apple
16.1,19.4,6.1,27.18,85.63,6.63,126.33,Orange
110.6,48.1,31.6,26.39,59.45,7.13,74.27,Cotton
17.0,148.7,200.7,17.85,81.78,6.88,155.19,Apple
12.9,62.9,27.4,27.04,33.35,6.34,42.39,Lentil
26.5,35.4,73.0,27.98,67.12,6.18,95.54,Groundnut
44.5,75.3,59.7,28.67,82.98,7.31,177.05,Papaya
140.8,53.2,34.9,32.08,50.92,7.62,79.4,Cotton
116.0,46.5,26.3,14.74,58.47,6.68,79.12,Wheat
33.3,116.4,209.9,21.57,71.36,6.32,69.69,Grapes
119.5,55.7,54.0,29.63,81.85,5.53,91.63,Banana
16.3,11.5,7.3,22.55,87.62,6.11,100.9,Orange
46.2,76.7,24.9,33.3,71.04,7.52,73.65,Blackgram
15.6,56.9,78.4,26.97,63.18,6.66,94.59,Groundnut
121.8,51.0,38.7,23.81,61.54,6.42,76.73,Wheat
101.4,34.7,37.4,15.69,74.64,5.51,151.09,Coffee
24.8,64.0,23.8,27.24,61.24,4.07,54.42,Mothbeans
22.7,49.9,15.6,26.42,63.84,3.89,52.77,Mothbeans
94.9,24.5,43.0,33.7,90.14,7.1,210.0,Sugarcane
126.3,64.5,20.3,27.16,54.33,6.81,78.25,Cotton
32.1,44.4,29.2,29.98,93.96,6.77,41.34,Mungbean
123.9,22.8,44.4,24.38,80.02,7.42,177.18,Sugarcane
26.3,133.3,194.9,13.31,82.32,5.58,141.52,Apple
30.9,14.1,29.3,30.91,90.45,5.21,184.63,Coconut
88.7,39.6,40.9,27.75,86.58,6.31,269.76,Rice
121.1,57.1,51.3,33.9,92.9,6.45,141.56,Banana
26.6,24.7,36.2,32.33,71.47,6.49,84.15,Mango
16.0,149.0,206.0,24.61,89.39,6.44,76.16,Grapes
16.3,40.8,27.8,26.02,44.66,4.5,56.33,Mothbeans
15.2,18.4,12.5,31.69,90.49,7.3,108.24,Orange
93.2,51.4,52.9,25.95,84.49,5.89,209.67,Rice
20.4,8.6,18.5,17.42,88.03,6.49,121.2,Orange
13.1,7.7,42.1,18.32,84.87,6.77,53.83,Pomegranate
20.8,34.4,35.8,24.99,75.28,6.53,117.93,Mango
43.9,57.9,16.9,32.8,55.45,6.08,59.82,Blackgram
25.9,53.5,26.3,25.45,84.99,6.61,48.81,Mungbean
111.7,54.8,17.3,16.18,58.33,7.01,110.04,Wheat
