temperature,humidity,moisture,soil_type,crop_type,nitrogen,phosphorous,potassium,fertilizer
17.2,44.0,89.0,Black,Mothbeans,24.2,24.2,91.0,DAP (Diammonium Phosphate)
14.8,81.6,82.5,Red,Mango,48.1,114.7,190.1,No Fertilizer Needed
24.5,24.3,75.6,Clayey,Grapes,72.5,145.6,168.1,No Fertilizer Needed
17.3,22.8,74.8,Red,Wheat,101.1,27.9,165.2,SSP (Single Super Phosphate)
17.7,70.9,76.0,Loamy,Chickpea,32.7,141.2,170.7,Urea
22.7,30.1,76.7,Sandy,Mango,59.6,112.1,212.3,No Fertilizer Needed
34.5,42.3,36.8,Clayey,Jute,79.0,147.4,50.7,Balanced NPK 10-10-10
34.9,91.2,35.6,Sandy,Sugarcane,60.1,70.4,64.6,Balanced NPK 10-10-10
32.5,22.2,58.2,Black,Banana,88.3,149.3,82.7,No Fertilizer Needed
30.8,89.4,61.3,Clayey,Coffee,24.0,136.0,84.5,Urea
30.7,86.4,85.5,Red,Mango,97.4,137.5,218.8,No Fertilizer Needed
34.7,97.6,46.0,Sandy,Groundnut,108.6,52.9,52.4,No Fertilizer Needed
30.9,98.5,39.3,Black,Papaya,149.0,30.0,20.7,SSP (Single Super Phosphate)
23.1,82.5,66.4,Loamy,Grapes,40.2,90.8,25.5,MOP (Muriate of Potash)
19.2,46.3,17.9,Black,Coffee,112.6,79.4,201.5,No Fertilizer Needed
34.6,80.2,84.9,Black,Wheat,133.2,142.6,143.3,No Fertilizer Needed
35.8,39.2,78.5,Clayey,Banana,98.4,67.3,209.4,Balanced NPK 10-10-10
40.4,95.1,43.6,Sandy,Lentil,58.8,22.6,17.9,SSP (Single Super Phosphate)
15.3,37.8,45.2,Red,Maize,34.9,80.6,148.3,Urea
26.7,49.3,26.8,Clayey,Orange,73.3,69.2,114.3,Balanced NPK 10-10-10
22.6,27.4,41.8,Loamy,Mango,128.5,139.6,29.0,MOP (Muriate of Potash)
30.8,71.1,51.8,Red,Chickpea,0.7,90.5,57.6,Urea
19.6,45.3,79.6,Loamy,Mothbeans,102.9,82.6,74.3,No Fertilizer Needed
13.1,49.5,73.2,Clayey,Coffee,81.9,96.9,5.4,MOP (Muriate of Potash)
34.8,37.4,51.3,Red,Pomegranate,136.4,52.0,116.8,No Fertilizer Needed
16.9,42.3,85.3,Red,Pigeonpeas,121.2,60.5,143.8,No Fertilizer Needed
38.1,84.2,77.8,Sandy,Orange,60.8,11.3,112.0,SSP (Single Super Phosphate)
38.1,87.5,53.3,Black,Apple,45.5,131.0,96.5,No Fertilizer Needed
28.9,84.2,34.9,Loamy,Coconut,64.3,75.0,107.2,Balanced NPK 10-10-10
27.6,56.2,41.7,Loamy,Mungbean,51.9,8.3,130.8,SSP (Single Super Phosphate)
34.6,23.5,41.8,Loamy,Orange,12.4,141.7,8.2,MOP (Muriate of Potash)
34.9,36.4,78.3,Clayey,Wheat,130.2,71.4,93.1,No Fertilizer Needed
33.0,64.6,78.9,Red,Papaya,108.4,127.5,142.8,No Fertilizer Needed
28.2,48.2,76.3,Clayey,Grapes,78.1,72.9,119.0,Balanced NPK 10-10-10
31.1,20.7,71.7,Red,Mothbeans,14.1,58.4,170.7,Urea
29.6,96.1,55.6,Black,Maize,119.6,114.8,160.6,No Fertilizer Needed
35.3,63.9,72.8,Red,Lentil,27.3,43.0,3.3,MOP (Muriate of Potash)
42.9,86.8,86.4,Sandy,Coffee,86.6,34.9,82.5,SSP (Single Super Phosphate)
12.6,35.2,58.3,Black,Jute,123.0,113.0,134.7,No Fertilizer Needed
41.6,46.0,42.5,Sandy,Chickpea,13.3,120.1,144.2,Urea
26.2,26.1,15.7,Loamy,Maize,73.1,63.9,0.6,MOP (Muriate of Potash)
33.0,50.9,35.1,Black,Pomegranate,59.9,85.6,158.4,No Fertilizer Needed
42.0,84.8,16.2,Loamy,Mothbeans,80.3,140.7,199.9,No Fertilizer Needed
38.2,73.2,15.5,Loamy,Mango,22.5,2.7,139.9,DAP (Diammonium Phosphate)
31.0,24.5,28.1,Sandy,Orange,111.7,70.8,171.5,No Fertilizer Needed
23.7,50.5,49.5,Loamy,Coffee,57.1,10.3,65.4,SSP (Single Super Phosphate)
27.4,33.5,26.1,Red,Apple,148.9,61.6,59.7,No Fertilizer Needed
23.4,67.9,32.4,Sandy,Groundnut,99.2,25.2,205.7,SSP (Single Super Phosphate)
41.3,93.5,21.2,Sandy,Cotton,51.4,10.7,216.8,SSP (Single Super Phosphate)
12.7,67.9,66.5,Red,Wheat,106.2,126.3,131.6,No Fertilizer Needed
23.8,46.5,23.7,Loamy,Chickpea,18.8,64.6,92.4,Urea
28.0,68.5,86.3,Loamy,Chickpea,149.1,13.0,199.1,SSP (Single Super Phosphate)
17.8,38.1,76.2,Loamy,Apple,45.0,75.2,179.1,Balanced NPK 10-10-10
18.2,60.7,86.9,Loamy,Wheat,136.5,100.4,145.8,No Fertilizer Needed
11.0,40.0,35.1,Clayey,Pigeonpeas,31.1,138.5,57.6,Urea
38.3,44.8,75.9,Sandy,Jute,83.0,78.2,160.0,Balanced NPK 10-10-10
43.7,82.7,48.1,Red,Orange,118.1,131.7,191.2,No Fertilizer Needed
16.1,83.8,36.6,Sandy,Chickpea,137.4,76.9,90.5,No Fertilizer Needed
25.0,74.0,81.2,Red,Coconut,42.0,53.6,101.5,Balanced NPK 10-10-10
33.5,96.6,73.7,Loamy,Maize,140.8,15.6,178.3,SSP (Single Super Phosphate)
42.9,74.8,82.0,Black,Coffee,52.9,126.1,205.9,No Fertilizer Needed
12.1,97.1,55.6,Clayey,Rice,22.0,54.2,15.5,MOP (Muriate of Potash)
43.0,33.8,28.5,Clayey,Chickpea,41.7,55.5,12.3,MOP (Muriate of Potash)
14.1,66.2,88.6,Black,Sugarcane,102.4,9.9,136.3,SSP (Single Super Phosphate)
28.7,77.0,83.2,Loamy,Coconut,117.3,51.5,86.7,No Fertilizer Needed
14.0,71.4,73.4,Black,Banana,147.5,132.9,173.0,No Fertilizer Needed
18.6,78.7,44.7,Black,Rice,121.6,9.2,148.2,SSP (Single Super Phosphate)
36.0,81.2,40.5,Red,Chickpea,36.1,53.2,23.4,MOP (Muriate of Potash)
30.5,60.4,57.5,Sandy,Mango,86.3,127.6,165.9,No Fertilizer Needed
13.2,85.0,83.9,Sandy,Papaya,145.0,137.2,19.0,MOP (Muriate of Potash)
34.6,44.3,49.8,Loamy,Mungbean,136.4,122.5,213.9,No Fertilizer Needed
35.9,27.7,73.1,Sandy,Apple,49.0,124.6,37.0,Balanced NPK 10-10-10
39.6,35.6,44.0,Clayey,Banana,9.9,27.9,101.9,DAP (Diammonium Phosphate)
38.7,92.0,19.6,Black,Coconut,69.8,130.6,0.6,MOP (Muriate of Potash)
38.7,36.5,32.4,Loamy,Mango,81.1,2.5,25.7,SSP (Single Super Phosphate)
37.9,43.4,80.5,Sandy,Papaya,68.1,24.5,35.9,SSP (Single Super Phosphate)
20.5,30.9,48.8,Sandy,Mothbeans,19.9,80.0,187.2,Urea
27.9,53.1,82.9,Sandy,Maize,122.8,77.5,62.6,No Fertilizer Needed
14.4,44.1,34.1,Black,Coffee,11.8,45.1,16.3,MOP (Muriate of Potash)
16.0,85.2,79.0,Sandy,Mungbean,26.7,120.4,130.4,Urea
18.3,67.6,47.9,Sandy,Chickpea,72.4,100.0,119.0,No Fertilizer Needed
43.1,66.6,86.5,Loamy,Cotton,44.8,129.8,9.0,MOP (Muriate of Potash)
32.9,75.6,31.3,Loamy,Cotton,20.6,124.3,75.6,Urea
36.6,63.4,50.5,Red,Rice,45.1,64.1,51.6,Balanced NPK 10-10-10
34.5,99.2,69.1,Clayey,Rice,101.5,102.0,142.7,No Fertilizer Needed
37.9,32.7,68.6,Black,Mango,27.2,56.8,214.0,Urea
35.8,86.1,18.2,Clayey,Mungbean,53.9,98.9,114.1,No Fertilizer Needed
13.2,97.8,63.7,Sandy,Mango,74.6,96.4,160.2,No Fertilizer Needed
40.9,25.5,78.4,Black,Papaya,118.5,1.7,218.1,SSP (Single Super Phosphate)
17.9,85.2,81.3,Black,Banana,74.7,64.4,165.3,Balanced NPK 10-10-10
36.5,90.3,62.7,Loamy,Jute,85.6,136.7,8.6,MOP (Muriate of Potash)
34.3,39.3,48.3,Black,Blackgram,107.6,71.6,9.7,MOP (Muriate of Potash)
29.9,42.5,47.4,Loamy,Lentil,56.8,114.2,92.0,No Fertilizer Needed
38.2,53.3,17.7,Black,Jute,0.1,142.7,24.3,MOP (Muriate of Potash)
42.2,23.2,34.6,Loamy,Sugarcane,74.8,86.6,0.8,MOP (Muriate of Potash)
25.7,33.3,71.4,Sandy,Mango,60.6,3.2,139.9,SSP (Single Super Phosphate)
17.6,95.1,39.8,Red,Wheat,85.8,149.2,114.0,No Fertilizer Needed
42.0,50.9,43.3,Loamy,Mothbeans,51.0,48.0,30.5,Balanced NPK 10-10-10
29.1,34.9,82.3,Clayey,Wheat,11.5,81.5,3.2,MOP (Muriate of Potash)
42.2,37.4,14.1,Clayey,Blackgram,131.5,11.4,52.2,SSP (Single Super Phosphate)
41.5,77.4,22.2,Clayey,Lentil,23.3,75.9,34.5,Urea
17.7,91.0,15.1,Loamy,Pomegranate,27.6,66.8,174.5,Urea
28.6,47.5,71.3,Red,Banana,135.1,115.1,1.1,MOP (Muriate of Potash)
23.8,52.1,75.6,Clayey,Mothbeans,28.2,131.5,165.0,Urea
16.4,82.4,35.2,Clayey,Chickpea,35.0,69.5,164.7,Urea
44.9,38.2,71.1,Black,Blackgram,10.8,125.1,63.1,Urea
17.5,82.3,87.4,Loamy,Grapes,8.7,19.2,117.5,DAP (Diammonium Phosphate)
15.1,22.9,16.4,Loamy,Wheat,88.5,112.8,39.0,Balanced NPK 10-10-10
14.8,37.7,45.2,Red,Lentil,34.6,146.0,176.1,Urea
13.9,65.5,47.6,Red,Papaya,63.6,119.8,215.1,No Fertilizer Needed
28.8,88.1,13.5,Clayey,Chickpea,29.2,108.6,49.1,Urea
37.1,39.3,49.6,Clayey,Mungbean,5.4,95.8,55.7,Urea
29.3,67.4,58.4,Sandy,Maize,149.9,30.2,130.8,SSP (Single Super Phosphate)
27.4,79.0,12.2,Loamy,Rice,7.7,70.3,179.4,Urea
30.4,59.9,46.2,Loamy,Mothbeans,75.9,31.2,26.2,SSP (Single Super Phosphate)
36.6,39.5,39.9,Clayey,Mango,133.8,144.0,79.0,No Fertilizer Needed
18.3,94.6,22.8,Clayey,Mango,28.0,24.8,104.1,DAP (Diammonium Phosphate)
43.3,71.1,11.6,Loamy,Groundnut,57.7,133.0,3.0,MOP (Muriate of Potash)
34.6,75.6,59.6,Loamy,Pigeonpeas,133.9,23.5,186.7,SSP (Single Super Phosphate)
12.8,99.6,75.3,Loamy,Pomegranate,26.6,125.5,184.6,Urea
43.1,79.4,77.4,Sandy,Jute,106.5,52.3,114.4,No Fertilizer Needed
30.9,69.3,11.4,Sandy,Banana,110.5,121.8,54.6,No Fertilizer Needed
24.7,37.1,40.3,Sandy,Rice,118.7,136.2,113.0,No Fertilizer Needed
31.7,68.0,80.3,Red,Jute,78.1,111.8,114.9,No Fertilizer Needed
14.5,53.9,86.1,Red,Mango,15.0,55.9,159.0,Urea
26.5,22.7,59.0,Red,Mungbean,48.2,135.2,185.6,No Fertilizer Needed
30.5,29.2,86.6,Sandy,Lentil,39.1,28.9,61.2,DAP (Diammonium Phosphate)
26.0,52.7,18.5,Sandy,Orange,67.5,80.8,127.5,No Fertilizer Needed
36.5,36.7,41.5,Loamy,Blackgram,68.9,33.9,181.6,SSP (Single Super Phosphate)
10.1,81.1,52.2,Loamy,Coconut,78.8,24.7,118.0,SSP (Single Super Phosphate)
39.9,89.2,35.1,Loamy,Cotton,11.5,31.7,176.2,DAP (Diammonium Phosphate)
19.5,22.8,73.0,Red,Pigeonpeas,135.0,68.9,11.0,MOP (Muriate of Potash)
24.3,20.0,83.5,Black,Wheat,25.5,104.0,8.7,MOP (Muriate of Potash)
37.8,90.9,64.9,Loamy,Blackgram,65.4,92.3,49.5,Balanced NPK 10-10-10
39.2,43.6,76.6,Red,Grapes,52.4,135.0,143.9,No Fertilizer Needed
17.6,98.3,76.4,Clayey,Mango,94.5,128.2,183.1,No Fertilizer Needed
31.1,90.2,27.8,Black,Groundnut,19.0,14.0,105.3,DAP (Diammonium Phosphate)
39.1,62.3,86.3,Black,Groundnut,135.8,50.6,55.7,No Fertilizer Needed
22.3,75.9,42.0,Loamy,Sugarcane,127.1,105.5,85.2,No Fertilizer Needed
29.5,97.6,27.2,Black,Blackgram,120.2,143.7,93.3,No Fertilizer Needed
19.7,77.0,42.9,Loamy,Sugarcane,67.8,74.8,113.9,Balanced NPK 10-10-10
24.2,40.3,37.6,Loamy,Mango,65.0,99.3,85.5,No Fertilizer Needed
22.9,40.7,50.1,Clayey,Banana,47.8,99.3,122.2,No Fertilizer Needed
26.3,91.6,76.6,Loamy,Pomegranate,23.9,142.0,114.3,Urea
42.2,70.3,16.2,Red,Mango,70.0,78.6,190.8,Balanced NPK 10-10-10
17.6,30.5,27.8,Clayey,Groundnut,123.5,116.3,96.0,No Fertilizer Needed
31.8,22.2,63.5,Black,Cotton,64.7,11.4,145.9,SSP (Single Super Phosphate)
25.1,88.1,83.8,Black,Pomegranate,73.9,46.5,135.2,Balanced NPK 10-10-10
36.0,80.5,36.0,Sandy,Jute,0.8,33.3,123.8,DAP (Diammonium Phosphate)
17.3,77.9,71.4,Clayey,Coffee,108.0,53.7,184.4,No Fertilizer Needed
22.4,21.0,63.8,Red,Apple,57.7,128.9,216.0,No Fertilizer Needed
29.1,75.3,17.1,Sandy,Maize,119.2,42.2,181.6,No Fertilizer Needed
41.8,31.7,13.8,Loamy,Groundnut,0.2,90.4,1.9,MOP (Muriate of Potash)
35.8,25.6,68.8,Black,Pigeonpeas,39.0,4.3,219.9,DAP (Diammonium Phosphate)
42.9,77.2,41.1,Black,Banana,106.9,144.7,65.9,No Fertilizer Needed
43.5,39.6,15.4,Loamy,Grapes,143.6,37.1,38.1,SSP (Single Super Phosphate)
42.0,74.2,51.4,Loamy,Blackgram,90.5,92.0,133.6,No Fertilizer Needed
27.5,28.1,81.8,Clayey,Mungbean,14.4,129.1,148.2,Urea
28.2,84.1,44.3,Red,Maize,7.3,44.7,196.6,Urea
24.1,94.0,82.1,Sandy,Grapes,19.7,131.5,166.1,Urea
27.8,64.4,58.8,Sandy,Apple,19.3,5.5,18.7,NPK 20-20-20
13.2,55.9,34.6,Red,Coconut,127.8,7.1,67.9,SSP (Single Super Phosphate)
37.6,29.3,40.4,Loamy,Apple,87.7,85.2,78.6,Balanced NPK 10-10-10
30.6,44.9,71.0,Clayey,Maize,32.3,30.8,187.8,DAP (Diammonium Phosphate)
25.6,50.0,56.0,Clayey,Groundnut,114.4,41.7,90.4,No Fertilizer Needed
29.7,82.6,44.7,Loamy,Chickpea,127.9,129.5,96.9,No Fertilizer Needed
36.3,74.8,42.2,Loamy,Papaya,24.3,25.9,57.1,DAP (Diammonium Phosphate)
37.3,71.5,89.9,Red,Pigeonpeas,29.6,1.7,65.9,DAP (Diammonium Phosphate)
34.9,45.4,87.1,Loamy,Pomegranate,119.3,46.1,56.7,No Fertilizer Needed
40.0,40.5,46.7,Loamy,Apple,83.3,46.4,103.8,Balanced NPK 10-10-10
43.8,96.8,18.2,Loamy,Coconut,38.0,89.7,129.4,Urea
34.1,29.0,52.6,Clayey,Mango,91.4,86.3,173.9,No Fertilizer Needed
41.3,52.5,40.1,Red,Papaya,6.1,98.1,125.3,Urea
36.2,99.3,60.6,Red,Banana,27.6,96.4,184.4,Urea
44.4,70.5,83.2,Sandy,Wheat,129.7,19.5,90.6,SSP (Single Super Phosphate)
30.6,20.2,34.9,Sandy,Lentil,23.5,95.4,97.9,Urea
16.4,91.1,89.4,Black,Coffee,110.1,53.1,12.6,MOP (Muriate of Potash)
11.7,36.1,21.7,Sandy,Mungbean,19.4,19.9,138.0,DAP (Diammonium Phosphate)
34.1,33.4,10.2,Sandy,Grapes,131.3,63.3,4.6,MOP (Muriate of Potash)
40.7,27.3,89.6,Red,Sugarcane,101.8,36.0,34.3,SSP (Single Super Phosphate)
18.2,40.2,38.9,Red,Maize,0.1,70.3,53.1,Urea
19.5,21.7,23.3,Black,Mothbeans,76.3,87.0,72.7,Balanced NPK 10-10-10
28.4,79.9,31.7,Black,Mungbean,90.0,132.7,129.1,No Fertilizer Needed
16.9,58.5,34.7,Black,Groundnut,17.7,36.4,109.2,DAP (Diammonium Phosphate)
44.3,60.8,45.4,Red,Cotton,26.6,9.2,33.2,DAP (Diammonium Phosphate)
31.8,77.4,36.1,Red,Orange,137.6,5.1,197.9,SSP (Single Super Phosphate)
20.1,70.0,81.3,Loamy,Mango,83.9,13.5,202.6,SSP (Single Super Phosphate)
18.3,86.8,44.2,Black,Groundnut,95.1,30.3,43.2,SSP (Single Super Phosphate)
33.0,64.8,25.8,Loamy,Coffee,87.0,130.0,14.5,MOP (Muriate of Potash)
31.0,28.6,55.6,Red,Pigeonpeas,107.1,53.7,196.8,No Fertilizer Needed
22.9,85.3,42.1,Black,Wheat,98.6,97.5,12.6,MOP (Muriate of Potash)
21.1,96.2,31.8,Clayey,Mothbeans,57.2,87.6,200.5,No Fertilizer Needed
32.8,54.0,51.1,Sandy,Lentil,87.5,42.8,97.0,Balanced NPK 10-10-10
22.3,49.2,87.0,Black,Apple,39.4,80.5,29.4,MOP (Muriate of Potash)
13.9,23.0,18.5,Clayey,Blackgram,124.1,53.9,118.8,No Fertilizer Needed
44.5,44.6,61.7,Black,Grapes,143.8,79.9,187.6,No Fertilizer Needed
12.3,88.2,79.2,Clayey,Banana,147.8,101.2,94.4,No Fertilizer Needed
39.6,22.5,25.0,Clayey,Mothbeans,115.6,103.5,96.7,No Fertilizer Needed
38.7,29.3,81.3,Red,Apple,86.3,96.9,84.6,No Fertilizer Needed
20.8,89.4,27.1,Clayey,Maize,79.8,56.4,67.8,Balanced NPK 10-10-10
15.3,86.2,41.2,Sandy,Rice,22.2,26.9,44.7,DAP (Diammonium Phosphate)
19.5,81.9,56.3,Black,Groundnut,47.3,2.5,126.0,SSP (Single Super Phosphate)
15.6,90.3,72.2,Black,Apple,37.4,127.3,153.6,Urea
10.9,95.9,13.9,Clayey,Banana,148.3,132.5,181.6,No Fertilizer Needed
16.4,90.3,87.3,Clayey,Groundnut,16.6,32.2,158.3,DAP (Diammonium Phosphate)
44.8,30.4,52.6,Black,Apple,29.1,73.9,50.7,Urea
43.3,61.6,57.9,Clayey,Grapes,33.3,115.3,132.8,Urea
44.3,42.2,67.2,Loamy,Coconut,110.2,19.1,139.5,SSP (Single Super Phosphate)
38.7,41.0,77.7,Sandy,Blackgram,94.6,45.1,47.4,Balanced NPK 10-10-10
43.1,40.7,56.3,Black,Coconut,36.7,91.1,183.4,Urea
27.9,37.9,82.7,Loamy,Cotton,94.2,149.1,122.9,No Fertilizer Needed
43.0,79.0,82.3,Loamy,Apple,31.0,17.6,68.7,DAP (Diammonium Phosphate)
12.2,44.3,41.6,Black,Orange,24.6,36.8,188.8,DAP (Diammonium Phosphate)
13.4,85.9,59.6,Red,Groundnut,83.7,116.0,146.9,No Fertilizer Needed
23.2,34.7,37.2,Black,Pomegranate,106.3,97.2,94.7,No Fertilizer Needed
10.8,83.2,23.3,Clayey,Mothbeans,63.4,67.7,126.8,Balanced NPK 10-10-10
36.0,73.4,65.8,Black,Rice,49.1,100.7,65.4,Balanced NPK 10-10-10
38.1,97.1,40.1,Clayey,Mungbean,36.0,24.6,86.9,DAP (Diammonium Phosphate)
34.2,60.0,18.2,Sandy,Chickpea,126.0,131.5,154.3,No Fertilizer Needed
40.9,60.1,81.4,Loamy,Coffee,26.6,83.4,195.7,Urea
44.2,66.7,41.6,Sandy,Jute,69.3,34.7,99.5,SSP (Single Super Phosphate)
31.5,63.5,15.8,Loamy,Papaya,20.0,104.8,48.4,Urea
28.8,28.4,16.1,Sandy,Banana,39.5,46.7,216.0,Urea
38.2,30.8,60.5,Clayey,Groundnut,22.3,120.6,8.9,MOP (Muriate of Potash)
43.2,31.2,13.1,Red,Lentil,3.3,19.2,17.2,NPK 20-20-20
20.4,34.7,33.5,Black,Groundnut,72.6,31.5,8.9,SSP (Single Super Phosphate)
10.3,27.5,26.8,Loamy,Cotton,53.1,34.5,73.0,SSP (Single Super Phosphate)
17.9,94.2,61.8,Black,Sugarcane,92.0,85.7,167.8,No Fertilizer Needed
23.6,21.5,46.8,Clayey,Blackgram,18.4,3.8,133.9,DAP (Diammonium Phosphate)
16.9,70.0,11.0,Red,Lentil,46.5,48.0,111.3,Balanced NPK 10-10-10
26.1,68.0,78.5,Clayey,Pomegranate,109.7,33.6,197.5,SSP (Single Super Phosphate)
14.8,96.4,55.0,Sandy,Rice,46.9,9.0,108.9,SSP (Single Super Phosphate)
43.6,29.7,88.9,Loamy,Sugarcane,62.7,149.4,114.3,No Fertilizer Needed
33.1,71.8,70.8,Sandy,Sugarcane,106.7,51.0,75.8,No Fertilizer Needed
18.2,94.5,66.7,Loamy,Cotton,72.0,86.6,116.9,No Fertilizer Needed
36.2,87.4,64.8,Red,Chickpea,1.2,133.4,78.4,Urea
36.2,68.9,35.2,Loamy,Mungbean,0.8,108.7,149.4,Urea
16.4,24.9,24.9,Clayey,Sugarcane,27.5,15.9,118.2,DAP (Diammonium Phosphate)
30.8,52.2,72.5,Red,Coconut,38.1,102.0,46.5,Urea
39.5,31.2,78.7,Sandy,Apple,27.1,100.3,37.5,Urea
36.4,60.1,43.2,Loamy,Orange,66.9,102.7,25.6,MOP (Muriate of Potash)
17.1,56.5,76.5,Clayey,Pigeonpeas,22.8,35.3,150.8,DAP (Diammonium Phosphate)
13.3,21.2,73.0,Clayey,Wheat,32.8,33.2,72.8,DAP (Diammonium Phosphate)
40.6,82.5,12.6,Loamy,Wheat,18.9,136.3,66.2,Urea
11.7,41.7,74.0,Clayey,Jute,11.8,27.5,73.9,DAP (Diammonium Phosphate)
12.4,65.8,65.0,Black,Cotton,75.7,68.4,82.4,Balanced NPK 10-10-10
38.2,38.2,51.4,Black,Papaya,79.6,40.3,213.2,Balanced NPK 10-10-10
43.9,89.7,43.5,Red,Wheat,79.5,110.1,154.2,No Fertilizer Needed
32.5,76.5,21.8,Clayey,Apple,101.5,76.8,203.6,No Fertilizer Needed
34.6,26.9,49.6,Loamy,Sugarcane,12.0,118.1,21.8,MOP (Muriate of Potash)
38.9,97.5,13.3,Clayey,Chickpea,55.0,128.6,126.4,No Fertilizer Needed
25.8,52.3,69.8,Black,Sugarcane,78.0,112.9,90.7,No Fertilizer Needed
14.6,52.0,18.5,Black,Grapes,14.7,34.6,168.7,DAP (Diammonium Phosphate)
10.2,90.0,26.2,Loamy,Lentil,64.2,72.7,191.2,Balanced NPK 10-10-10
34.8,30.1,51.1,Loamy,Banana,86.2,27.0,62.5,SSP (Single Super Phosphate)
29.5,96.6,34.7,Black,Maize,117.2,124.2,116.8,No Fertilizer Needed
15.7,51.9,24.9,Sandy,Cotton,41.4,50.8,10.4,MOP (Muriate of Potash)
23.1,26.8,22.5,Loamy,Blackgram,102.0,35.5,182.6,SSP (Single Super Phosphate)
12.6,53.4,34.7,Black,Pigeonpeas,5.5,61.7,103.5,Urea
23.6,94.2,70.8,Black,Blackgram,117.1,15.7,138.7,SSP (Single Super Phosphate)
33.9,64.0,45.5,Black,Groundnut,89.1,97.7,114.0,No Fertilizer Needed
20.0,25.9,27.9,Black,Jute,77.1,131.3,210.6,No Fertilizer Needed
22.3,67.5,56.4,Clayey,Mungbean,17.5,137.7,152.9,Urea
23.6,76.7,23.6,Loamy,Pigeonpeas,124.6,51.3,55.1,No Fertilizer Needed
11.7,41.0,27.7,Red,Orange,93.7,7.6,162.7,SSP (Single Super Phosphate)
27.1,23.6,74.3,Sandy,Blackgram,8.0,13.3,39.4,DAP (Diammonium Phosphate)
33.6,72.3,78.8,Black,Mungbean,118.6,71.0,142.7,No Fertilizer Needed
24.7,61.9,86.5,Clayey,Lentil,144.8,130.6,147.0,No Fertilizer Needed
12.2,77.8,26.7,Black,Banana,145.9,111.4,73.6,No Fertilizer Needed
16.2,29.5,64.8,Clayey,Jute,13.1,69.6,204.1,Urea
42.1,36.3,35.5,Clayey,Lentil,136.5,89.7,190.0,No Fertilizer Needed
30.3,93.3,81.1,Loamy,Cotton,90.7,132.5,202.7,No Fertilizer Needed
14.9,56.7,41.7,Black,Chickpea,125.4,148.0,36.1,No Fertilizer Needed
29.2,32.4,79.2,Loamy,Blackgram,144.4,20.9,188.1,SSP (Single Super Phosphate)
26.0,24.5,54.8,Sandy,Mungbean,83.9,125.8,160.2,No Fertilizer Needed
32.0,20.7,45.5,Black,Sugarcane,48.9,90.4,147.7,No Fertilizer Needed
35.0,32.2,84.9,Black,Sugarcane,43.1,39.9,3.8,SSP (Single Super Phosphate)
18.4,66.7,58.4,Clayey,Pigeonpeas,136.7,26.2,195.4,SSP (Single Super Phosphate)
10.6,91.8,79.9,Loamy,Coconut,28.2,90.9,62.0,Urea
21.1,20.7,72.3,Red,Orange,54.7,142.3,95.2,No Fertilizer Needed
28.5,46.7,84.3,Black,Cotton,26.5,102.5,90.7,Urea
10.8,89.0,23.0,Clayey,Mungbean,67.5,30.6,180.7,SSP (Single Super Phosphate)
30.7,91.2,58.1,Loamy,Pigeonpeas,28.4,51.7,134.3,Urea
44.2,75.3,36.8,Sandy,Blackgram,27.8,75.3,192.3,Urea
18.8,69.5,70.7,Black,Pigeonpeas,42.5,112.4,90.8,No Fertilizer Needed
31.0,77.9,70.0,Red,Papaya,96.2,18.7,136.2,SSP (Single Super Phosphate)
10.3,21.8,25.8,Red,Papaya,86.0,16.2,45.0,SSP (Single Super Phosphate)
20.9,51.6,28.5,Loamy,Orange,25.6,110.5,169.6,Urea
36.7,85.0,46.9,Loamy,Apple,23.2,128.1,140.7,Urea
20.6,58.9,54.8,Loamy,Banana,143.5,101.5,31.5,No Fertilizer Needed
13.5,51.8,53.6,Clayey,Apple,10.4,129.5,122.9,Urea
23.7,78.5,11.0,Clayey,Mango,18.3,32.7,43.4,DAP (Diammonium Phosphate)
21.2,60.0,16.8,Black,Mango,38.6,90.7,114.3,Urea
31.0,61.0,89.1,Red,Blackgram,45.9,59.8,13.5,MOP (Muriate of Potash)
13.1,46.8,82.1,Sandy,Mango,69.5,18.3,134.2,SSP (Single Super Phosphate)
33.2,47.0,47.7,Clayey,Papaya,58.4,64.1,119.1,Balanced NPK 10-10-10
23.6,64.0,88.3,Black,Lentil,115.1,102.4,19.3,MOP (Muriate of Potash)
32.8,84.7,13.5,Loamy,Maize,25.3,92.5,59.5,Urea
26.8,47.0,30.3,Clayey,Coffee,35.9,120.5,187.3,Urea
32.2,66.7,51.5,Black,Lentil,89.9,131.5,83.3,No Fertilizer Needed
34.5,88.6,15.4,Red,Mothbeans,137.6,71.8,168.4,No Fertilizer Needed
20.0,37.5,34.6,Black,Maize,45.0,27.4,194.1,SSP (Single Super Phosphate)
40.7,44.5,64.9,Red,Rice,100.1,63.0,98.0,No Fertilizer Needed
16.7,29.9,23.9,Black,Sugarcane,95.4,21.7,128.2,SSP (Single Super Phosphate)
36.8,69.2,31.0,Sandy,Blackgram,96.5,69.4,188.9,Balanced NPK 10-10-10
30.3,82.3,72.7,Black,Mungbean,120.6,54.3,13.3,MOP (Muriate of Potash)
11.4,69.1,82.8,Clayey,Pomegranate,141.5,66.7,68.9,No Fertilizer Needed
10.7,51.3,14.0,Black,Blackgram,103.4,110.2,144.7,No Fertilizer Needed
40.7,85.9,81.2,Black,Mungbean,87.4,65.7,123.4,Balanced NPK 10-10-10
28.7,59.9,74.3,Black,Mungbean,106.3,54.8,78.4,No Fertilizer Needed
32.1,85.0,83.6,Sandy,Mothbeans,4.7,22.9,149.4,DAP (Diammonium Phosphate)
45.0,43.1,24.9,Red,Banana,16.0,34.3,164.5,DAP (Diammonium Phosphate)
14.9,54.8,24.7,Clayey,Mothbeans,34.0,41.9,200.6,Urea
44.1,73.4,63.1,Red,Blackgram,144.5,29.4,168.9,SSP (Single Super Phosphate)
10.7,39.0,30.4,Black,Chickpea,12.4,66.8,116.9,Urea
26.2,72.7,41.1,Black,Pomegranate,17.4,112.3,101.1,Urea
19.7,54.1,35.0,Black,Pomegranate,32.3,144.2,173.3,Urea
29.1,32.8,10.2,Loamy,Chickpea,36.6,42.1,13.2,MOP (Muriate of Potash)
14.2,30.5,19.0,Red,Groundnut,62.4,70.9,79.9,Balanced NPK 10-10-10
32.0,48.6,51.0,Black,Orange,34.8,146.0,176.9,Urea
41.8,25.1,11.5,Sandy,Orange,31.0,0.2,82.2,DAP (Diammonium Phosphate)
12.1,99.6,12.6,Loamy,Chickpea,114.5,118.6,70.2,No Fertilizer Needed
31.8,72.2,17.7,Sandy,Sugarcane,65.2,23.7,3.3,SSP (Single Super Phosphate)
21.0,89.3,57.8,Loamy,Sugarcane,88.4,93.0,69.3,Balanced NPK 10-10-10
43.8,74.1,26.4,Loamy,Orange,50.3,101.7,21.1,MOP (Muriate of Potash)
35.5,51.8,33.0,Red,Apple,3.1,32.0,18.0,NPK 20-20-20
43.1,96.9,39.4,Red,Blackgram,121.0,114.4,67.1,No Fertilizer Needed
22.2,65.7,26.7,Black,Papaya,1.3,75.6,29.6,MOP (Muriate of Potash)
21.6,74.8,11.6,Black,Maize,23.6,109.7,72.0,Urea
22.0,91.7,14.6,Red,Mango,129.3,49.2,59.1,No Fertilizer Needed
32.8,32.4,83.8,Loamy,Sugarcane,12.9,110.5,126.6,Urea
29.4,23.8,61.5,Clayey,Maize,73.6,14.0,24.2,SSP (Single Super Phosphate)
33.8,21.4,52.7,Sandy,Pomegranate,115.5,33.9,211.4,SSP (Single Super Phosphate)
37.1,38.7,61.5,Sandy,Pigeonpeas,110.5,25.9,44.1,SSP (Single Super Phosphate)
37.0,39.9,27.6,Sandy,Rice,58.8,2.0,175.6,SSP (Single Super Phosphate)
10.2,58.6,71.8,Black,Coffee,33.6,62.5,168.1,Urea
19.3,76.8,87.5,Black,Coffee,36.8,49.0,97.3,Urea
42.3,27.3,74.4,Clayey,Apple,16.6,143.3,118.1,Urea
38.6,44.9,22.6,Clayey,Grapes,28.4,19.1,133.5,DAP (Diammonium Phosphate)
36.1,22.9,55.1,Clayey,Coffee,44.4,148.9,111.6,No Fertilizer Needed
43.3,68.0,76.3,Sandy,Banana,13.6,23.7,106.8,DAP (Diammonium Phosphate)
30.3,24.1,87.6,Loamy,Mango,55.6,48.6,206.7,Balanced NPK 10-10-10
15.4,70.2,83.3,Black,Jute,64.0,124.5,58.4,Balanced NPK 10-10-10
14.9,61.6,58.8,Sandy,Papaya,53.1,79.6,214.5,Balanced NPK 10-10-10
18.0,53.2,33.0,Loamy,Apple,90.2,62.8,78.0,Balanced NPK 10-10-10
21.5,80.8,68.4,Clayey,Pigeonpeas,92.3,32.1,3.7,SSP (Single Super Phosphate)
14.1,46.6,29.7,Clayey,Coconut,69.7,1.6,61.0,SSP (Single Super Phosphate)
25.3,22.8,40.7,Clayey,Mungbean,4.7,127.0,166.8,Urea
42.5,35.7,69.7,Clayey,Grapes,41.0,74.3,159.0,Balanced NPK 10-10-10
20.4,89.1,22.3,Red,Apple,46.4,63.5,98.5,Balanced NPK 10-10-10
24.3,70.2,28.8,Black,Chickpea,100.6,98.6,177.0,No Fertilizer Needed
31.7,78.5,62.1,Clayey,Chickpea,71.1,4.4,170.0,SSP (Single Super Phosphate)
25.6,22.9,58.3,Red,Coconut,57.1,16.3,83.3,SSP (Single Super Phosphate)
36.6,58.9,52.9,Sandy,Pomegranate,8.8,40.8,213.8,Urea
30.2,62.4,59.7,Clayey,Orange,114.7,69.1,74.6,No Fertilizer Needed
35.3,62.9,87.2,Sandy,Banana,120.7,75.3,13.2,MOP (Muriate of Potash)
12.3,64.9,51.0,Sandy,Cotton,98.6,118.1,180.2,No Fertilizer Needed
36.2,50.0,80.5,Red,Apple,125.8,50.0,48.2,No Fertilizer Needed
25.3,75.9,83.5,Loamy,Sugarcane,0.6,11.0,150.7,DAP (Diammonium Phosphate)
40.7,63.7,22.4,Clayey,Mungbean,94.8,50.1,19.4,MOP (Muriate of Potash)
36.8,54.9,65.5,Sandy,Mungbean,61.5,7.3,138.3,SSP (Single Super Phosphate)
35.9,63.4,38.5,Clayey,Orange,44.2,90.0,109.2,No Fertilizer Needed
15.3,96.7,48.4,Red,Grapes,83.6,42.2,58.3,Balanced NPK 10-10-10
19.9,65.6,86.0,Loamy,Wheat,137.2,53.8,85.9,No Fertilizer Needed
11.9,30.2,29.4,Loamy,Papaya,32.9,39.7,89.8,DAP (Diammonium Phosphate)
13.3,26.9,62.0,Clayey,Rice,22.1,36.3,73.6,DAP (Diammonium Phosphate)
43.3,31.5,69.9,Red,Mungbean,32.0,105.3,110.5,Urea
37.4,97.1,83.5,Clayey,Jute,115.4,134.1,210.1,No Fertilizer Needed
45.0,93.7,18.9,Loamy,Rice,3.4,6.4,64.7,DAP (Diammonium Phosphate)
37.9,78.0,18.0,Loamy,Coconut,128.8,113.8,41.4,No Fertilizer Needed
29.8,61.9,27.2,Loamy,Orange,79.8,97.1,89.3,No Fertilizer Needed
32.9,81.0,50.9,Loamy,Rice,118.4,78.4,85.1,No Fertilizer Needed
36.3,85.2,67.3,Red,Orange,142.4,16.1,62.8,SSP (Single Super Phosphate)
12.2,80.5,20.7,Loamy,Papaya,129.1,76.2,17.1,MOP (Muriate of Potash)
36.6,60.3,43.4,Sandy,Orange,55.9,29.1,197.7,SSP (Single Super Phosphate)
12.0,76.1,39.8,Sandy,Chickpea,14.6,17.5,152.1,DAP (Diammonium Phosphate)
30.2,33.1,20.8,Clayey,Groundnut,121.9,11.1,42.8,SSP (Single Super Phosphate)
18.9,97.2,53.5,Loamy,Coffee,75.5,40.3,85.3,Balanced NPK 10-10-10
30.6,57.3,62.2,Red,Wheat,16.0,103.5,164.5,Urea
11.4,34.5,80.1,Black,Papaya,3.2,132.7,162.3,Urea
44.4,26.3,21.4,Clayey,Blackgram,98.1,73.1,31.2,Balanced NPK 10-10-10
15.4,49.1,27.7,Sandy,Jute,118.2,98.8,107.5,No Fertilizer Needed
40.6,25.5,26.1,Clayey,Mothbeans,29.3,79.5,92.7,Urea
20.2,87.7,20.5,Red,Banana,146.5,16.4,7.2,SSP (Single Super Phosphate)
30.9,47.0,52.8,Black,Rice,36.6,146.3,94.7,Urea
35.2,67.4,26.9,Black,Papaya,2.5,140.0,20.1,MOP (Muriate of Potash)
37.6,83.8,16.6,Black,Coconut,62.6,62.3,152.6,Balanced NPK 10-10-10
21.6,25.2,40.5,Red,Chickpea,45.6,141.0,48.2,Balanced NPK 10-10-10
44.0,45.7,45.0,Red,Sugarcane,79.6,124.4,119.1,No Fertilizer Needed
40.9,78.3,15.2,Clayey,Papaya,124.2,51.2,123.3,No Fertilizer Needed
38.7,84.1,35.2,Loamy,Papaya,13.0,150.0,30.4,Urea
22.3,25.4,68.8,Red,Mungbean,57.8,101.6,11.9,MOP (Muriate of Potash)
31.0,34.9,68.1,Red,Coconut,116.3,26.4,158.6,SSP (Single Super Phosphate)
37.9,26.2,46.5,Sandy,Mothbeans,94.7,141.8,3.3,MOP (Muriate of Potash)
19.1,28.5,72.9,Clayey,Jute,96.3,103.6,70.6,Balanced NPK 10-10-10
23.3,53.0,74.8,Loamy,Coffee,81.8,79.2,15.5,MOP (Muriate of Potash)
14.7,76.8,16.6,Sandy,Banana,134.5,36.0,138.4,SSP (Single Super Phosphate)
10.8,32.4,11.4,Red,Apple,82.6,66.5,45.2,Balanced NPK 10-10-10
15.1,51.2,18.0,Black,Chickpea,11.8,30.0,188.4,DAP (Diammonium Phosphate)
42.7,85.0,44.0,Black,Rice,95.5,36.2,44.3,SSP (Single Super Phosphate)
40.0,86.7,41.7,Loamy,Grapes,135.0,57.4,46.2,No Fertilizer Needed
30.4,55.9,58.0,Black,Jute,37.8,86.5,196.8,Urea
20.6,36.3,87.5,Black,Maize,46.5,130.1,109.3,No Fertilizer Needed
34.0,32.0,55.1,Black,Mango,133.5,84.4,40.4,No Fertilizer Needed
30.2,28.8,72.2,Black,Mango,22.4,71.3,153.1,Urea
34.0,74.8,75.9,Red,Mothbeans,136.3,89.5,169.8,No Fertilizer Needed
24.2,68.8,88.1,Black,Pigeonpeas,129.4,67.0,181.6,No Fertilizer Needed
43.6,79.1,70.6,Sandy,Cotton,55.9,21.0,6.1,SSP (Single Super Phosphate)
36.5,34.4,78.9,Loamy,Pigeonpeas,33.7,69.3,34.8,Urea
17.2,78.6,49.3,Loamy,Groundnut,74.9,111.5,137.7,No Fertilizer Needed
20.1,33.1,25.4,Loamy,Wheat,80.9,135.2,201.6,No Fertilizer Needed
38.7,32.6,29.3,Black,Wheat,95.0,80.8,42.0,Balanced NPK 10-10-10
39.2,73.9,56.6,Black,Pomegranate,55.0,55.9,121.6,Balanced NPK 10-10-10
40.1,96.1,54.1,Red,Chickpea,54.8,120.1,105.5,No Fertilizer Needed
17.7,21.6,32.4,Red,Apple,88.2,82.8,30.8,Balanced NPK 10-10-10
21.4,58.6,62.8,Red,Pigeonpeas,125.5,96.6,12.2,MOP (Muriate of Potash)
42.0,85.9,14.7,Clayey,Apple,96.6,59.7,94.3,Balanced NPK 10-10-10
43.7,44.2,10.2,Sandy,Papaya,35.8,111.2,144.1,Urea
17.8,61.5,64.1,Sandy,Jute,135.6,112.9,187.3,No Fertilizer Needed
39.2,82.7,82.3,Sandy,Blackgram,67.1,70.4,166.6,Balanced NPK 10-10-10
29.8,93.5,37.4,Red,Groundnut,64.2,108.1,15.8,MOP (Muriate of Potash)
13.4,28.1,13.5,Sandy,Jute,39.0,116.1,76.4,Urea
13.8,23.1,26.6,Loamy,Groundnut,137.7,10.1,75.0,SSP (Single Super Phosphate)
44.9,20.3,48.4,Sandy,Chickpea,51.9,122.3,216.3,No Fertilizer Needed
28.3,72.4,32.0,Loamy,Pomegranate,11.4,32.0,72.6,DAP (Diammonium Phosphate)
16.9,90.2,64.1,Black,Groundnut,67.8,148.3,177.5,No Fertilizer Needed
12.2,77.9,27.9,Sandy,Rice,85.0,127.2,83.9,No Fertilizer Needed
33.9,25.9,48.4,Loamy,Apple,122.4,38.2,99.3,SSP (Single Super Phosphate)
43.9,98.4,42.9,Clayey,Mothbeans,116.7,15.4,1.1,SSP (Single Super Phosphate)
14.4,75.4,30.1,Loamy,Sugarcane,95.7,39.1,133.2,SSP (Single Super Phosphate)
23.6,59.8,86.8,Clayey,Jute,82.7,68.9,112.5,Balanced NPK 10-10-10
27.0,96.5,78.9,Red,Mango,119.7,0.6,15.8,SSP (Single Super Phosphate)
19.9,74.3,86.6,Red,Mango,33.0,20.4,204.1,DAP (Diammonium Phosphate)
22.5,55.0,46.3,Red,Mungbean,111.8,109.5,128.3,No Fertilizer Needed
31.1,81.6,20.5,Red,Blackgram,73.6,72.6,17.6,MOP (Muriate of Potash)
42.5,28.0,83.7,Red,Wheat,147.7,14.4,184.2,SSP (Single Super Phosphate)
38.5,64.7,38.3,Sandy,Grapes,57.5,145.7,8.1,MOP (Muriate of Potash)
18.6,61.6,14.9,Clayey,Orange,126.4,3.2,10.3,SSP (Single Super Phosphate)
23.6,80.8,87.3,Sandy,Cotton,97.3,73.3,201.4,Balanced NPK 10-10-10
31.1,71.3,42.1,Loamy,Maize,4.2,81.2,107.0,Urea
28.4,34.8,86.9,Clayey,Mothbeans,112.3,142.7,40.9,No Fertilizer Needed
34.0,38.5,68.8,Sandy,Mothbeans,82.7,29.0,52.3,SSP (Single Super Phosphate)
41.4,21.2,25.3,Clayey,Pigeonpeas,114.5,86.7,211.7,No Fertilizer Needed
40.6,96.2,42.1,Sandy,Sugarcane,95.6,59.7,30.5,Balanced NPK 10-10-10
21.3,68.6,37.0,Red,Banana,66.7,81.1,33.3,Balanced NPK 10-10-10
21.9,60.7,65.0,Clayey,Orange,0.7,145.0,93.3,Urea
42.5,61.1,63.3,Black,Lentil,146.3,99.4,92.1,No Fertilizer Needed
31.8,62.2,53.0,Loamy,Cotton,80.2,11.8,46.2,SSP (Single Super Phosphate)
35.8,33.7,16.8,Black,Mango,138.8,23.0,110.3,SSP (Single Super Phosphate)
19.8,35.8,15.6,Sandy,Cotton,9.5,6.8,57.6,DAP (Diammonium Phosphate)
41.4,69.0,41.6,Clayey,Pigeonpeas,46.1,38.6,16.1,SSP (Single Super Phosphate)
15.0,73.8,79.3,Loamy,Papaya,57.5,139.3,188.9,No Fertilizer Needed
17.6,45.7,41.5,Loamy,Lentil,11.4,114.7,105.2,Urea
37.3,31.4,41.4,Black,Groundnut,122.6,61.2,80.3,No Fertilizer Needed
21.1,36.9,11.7,Red,Pigeonpeas,17.4,113.2,50.6,Urea
10.7,62.9,45.7,Clayey,Apple,23.5,72.0,114.1,Urea
21.1,38.0,20.4,Red,Maize,101.2,63.1,137.6,No Fertilizer Needed
26.6,63.5,18.6,Red,Coffee,104.8,138.6,91.9,No Fertilizer Needed
23.7,49.1,33.8,Sandy,Chickpea,92.7,75.5,211.3,Balanced NPK 10-10-10
40.0,88.6,45.6,Loamy,Apple,132.5,81.2,213.6,No Fertilizer Needed
21.6,85.0,41.5,Sandy,Apple,32.4,58.2,88.3,Urea
12.4,57.4,13.9,Loamy,Sugarcane,41.8,85.8,179.2,No Fertilizer Needed
34.5,34.8,24.9,Red,Orange,110.9,81.6,65.8,No Fertilizer Needed
25.1,93.0,69.3,Red,Coconut,129.5,3.0,37.1,SSP (Single Super Phosphate)
10.8,63.6,41.7,Black,Groundnut,76.9,95.5,92.2,No Fertilizer Needed
36.0,62.2,10.3,Loamy,Pomegranate,17.8,60.2,68.4,Urea
37.7,88.4,11.5,Clayey,Pomegranate,36.2,32.8,7.9,NPK 20-20-20
13.4,63.0,20.6,Sandy,Blackgram,68.5,53.4,198.7,Balanced NPK 10-10-10
25.3,58.2,35.2,Red,Jute,17.5,136.5,134.5,Urea
40.9,96.6,42.7,Loamy,Mungbean,66.1,84.1,129.5,No Fertilizer Needed
41.0,91.4,26.2,Loamy,Pomegranate,107.0,116.1,173.2,No Fertilizer Needed
43.5,20.6,24.6,Clayey,Coconut,34.0,40.3,213.4,Urea
38.1,43.0,39.4,Sandy,Rice,88.3,24.0,61.3,SSP (Single Super Phosphate)
34.4,84.5,32.1,Clayey,Orange,48.0,96.2,192.2,No Fertilizer Needed
43.8,23.4,65.8,Clayey,Orange,12.9,7.1,116.8,DAP (Diammonium Phosphate)
34.3,88.1,10.7,Sandy,Sugarcane,68.1,104.2,143.2,No Fertilizer Needed
22.3,36.9,80.9,Black,Mango,107.8,89.3,76.5,No Fertilizer Needed
31.7,60.3,61.9,Red,Pigeonpeas,63.6,129.6,184.6,No Fertilizer Needed
41.9,69.6,47.5,Black,Grapes,84.9,147.1,197.1,No Fertilizer Needed
34.6,95.0,19.4,Clayey,Orange,104.7,46.1,90.5,No Fertilizer Needed
23.4,43.4,46.8,Clayey,Orange,16.5,96.3,154.6,Urea
31.3,84.0,59.8,Black,Chickpea,85.5,72.7,93.9,Balanced NPK 10-10-10
12.2,30.3,30.5,Sandy,Coffee,63.5,52.0,96.8,Balanced NPK 10-10-10
26.2,95.9,60.8,Loamy,Mango,5.2,15.7,219.8,DAP (Diammonium Phosphate)
17.5,50.9,18.9,Clayey,Pomegranate,27.0,94.0,215.6,Urea
36.5,37.1,71.6,Red,Pomegranate,79.4,144.2,94.3,No Fertilizer Needed
10.1,39.6,45.2,Clayey,Cotton,127.5,59.9,58.2,No Fertilizer Needed
30.3,88.5,17.4,Clayey,Mungbean,37.8,60.9,0.6,MOP (Muriate of Potash)
19.0,54.4,33.9,Clayey,Mothbeans,126.7,98.2,175.1,No Fertilizer Needed
19.1,90.6,47.0,Sandy,Pomegranate,122.1,108.3,201.6,No Fertilizer Needed
29.1,69.9,13.2,Red,Coffee,78.7,148.3,193.3,No Fertilizer Needed
38.4,33.7,72.3,Clayey,Wheat,83.0,24.3,91.9,SSP (Single Super Phosphate)
13.9,77.8,72.5,Sandy,Coconut,43.6,48.2,190.7,Balanced NPK 10-10-10
22.6,94.4,65.6,Sandy,Coconut,127.9,19.6,96.6,SSP (Single Super Phosphate)
23.5,52.1,14.6,Black,Blackgram,2.0,99.0,48.3,Urea
39.6,70.8,69.0,Black,Coconut,39.3,64.1,67.0,Urea
14.3,48.5,22.4,Loamy,Apple,36.9,22.7,150.5,DAP (Diammonium Phosphate)
36.5,21.1,43.5,Sandy,Papaya,143.5,22.1,148.9,SSP (Single Super Phosphate)
22.4,65.4,65.1,Sandy,Groundnut,98.1,44.7,99.4,Balanced NPK 10-10-10
41.8,79.2,10.1,Clayey,Coffee,131.9,57.4,210.8,No Fertilizer Needed
28.6,94.1,45.4,Red,Grapes,120.8,33.1,123.0,SSP (Single Super Phosphate)
37.0,91.3,66.9,Loamy,Lentil,66.1,82.4,12.5,MOP (Muriate of Potash)
17.8,55.6,46.2,Clayey,Orange,119.5,131.3,180.5,No Fertilizer Needed
24.2,55.3,67.3,Sandy,Wheat,42.5,133.6,60.1,Balanced NPK 10-10-10
28.4,51.5,74.0,Red,Groundnut,90.6,13.1,190.1,SSP (Single Super Phosphate)
23.6,65.6,50.2,Red,Papaya,125.6,101.1,9.4,MOP (Muriate of Potash)
43.7,43.2,77.7,Black,Coconut,113.7,97.7,161.2,No Fertilizer Needed
11.6,95.3,75.1,Clayey,Groundnut,72.1,1.4,43.5,SSP (Single Super Phosphate)
27.8,71.1,68.3,Sandy,Banana,131.7,32.5,115.3,SSP (Single Super Phosphate)
18.9,39.3,43.9,Sandy,Papaya,37.0,125.3,166.7,Urea
39.9,42.5,34.2,Sandy,Sugarcane,91.7,124.4,178.3,No Fertilizer Needed
40.3,53.7,87.6,Sandy,Rice,46.6,9.9,108.1,SSP (Single Super Phosphate)
24.7,21.4,51.3,Sandy,Chickpea,23.2,29.0,46.4,DAP (Diammonium Phosphate)
23.7,52.4,54.0,Clayey,Groundnut,76.5,91.3,156.7,No Fertilizer Needed
33.8,64.5,51.8,Sandy,Cotton,86.5,12.8,135.7,SSP (Single Super Phosphate)
43.8,81.6,71.8,Loamy,Papaya,18.0,23.1,154.5,DAP (Diammonium Phosphate)
25.2,97.7,29.0,Red,Apple,1.6,63.3,146.3,Urea
25.4,56.8,68.8,Clayey,Cotton,120.4,31.8,88.5,SSP (Single Super Phosphate)
40.4,22.9,22.3,Loamy,Coffee,17.6,85.8,148.7,Urea
42.8,53.9,23.9,Loamy,Pigeonpeas,57.3,57.2,128.3,Balanced NPK 10-10-10
37.6,46.2,40.8,Black,Blackgram,74.4,36.7,204.2,SSP (Single Super Phosphate)
35.0,99.1,65.9,Red,Coconut,56.6,108.0,168.0,No Fertilizer Needed
41.0,50.3,61.0,Red,Cotton,98.9,7.2,30.5,SSP (Single Super Phosphate)
36.9,40.6,81.6,Black,Banana,37.0,21.7,210.1,DAP (Diammonium Phosphate)
17.1,99.2,13.0,Clayey,Cotton,86.1,46.5,43.4,Balanced NPK 10-10-10
31.0,20.2,46.0,Clayey,Sugarcane,9.6,111.0,77.9,Urea
13.2,75.1,89.8,Red,Grapes,124.6,53.4,183.7,No Fertilizer Needed
12.3,21.9,34.1,Sandy,Orange,20.5,81.3,64.4,Urea
23.4,22.0,46.3,Sandy,Lentil,114.3,100.4,89.9,No Fertilizer Needed
11.4,47.4,10.9,Sandy,Banana,60.0,29.1,195.2,SSP (Single Super Phosphate)
34.1,64.5,11.1,Black,Orange,60.7,41.1,22.7,MOP (Muriate of Potash)
32.1,93.8,71.0,Clayey,Groundnut,144.5,73.9,174.6,No Fertilizer Needed
16.9,42.8,54.4,Loamy,Mango,52.9,26.1,119.5,SSP (Single Super Phosphate)
23.4,71.3,65.2,Sandy,Rice,62.9,15.7,152.9,SSP (Single Super Phosphate)
38.6,97.8,51.2,Loamy,Coconut,36.7,7.6,202.7,DAP (Diammonium Phosphate)
27.3,69.0,81.0,Black,Mungbean,56.6,121.0,53.7,Balanced NPK 10-10-10
36.8,87.2,62.7,Loamy,Cotton,120.1,66.3,162.7,No Fertilizer Needed
35.3,65.2,49.7,Red,Blackgram,95.1,1.0,80.3,SSP (Single Super Phosphate)
36.5,87.4,39.6,Black,Orange,2.8,44.3,64.4,Urea
23.6,58.6,56.6,Clayey,Maize,116.0,16.4,208.4,SSP (Single Super Phosphate)
40.9,65.2,38.6,Clayey,Apple,28.0,69.7,17.4,MOP (Muriate of Potash)
33.0,90.0,85.4,Black,Blackgram,58.6,79.6,117.7,Balanced NPK 10-10-10
19.7,52.3,31.9,Sandy,Mothbeans,92.1,49.1,139.8,Balanced NPK 10-10-10
26.4,28.9,82.9,Sandy,Mungbean,60.0,48.6,41.4,Balanced NPK 10-10-10
14.4,44.3,50.0,Black,Banana,124.9,61.8,62.3,No Fertilizer Needed
16.1,81.7,69.2,Sandy,Blackgram,98.6,25.4,175.1,SSP (Single Super Phosphate)
20.5,69.1,79.7,Loamy,Lentil,136.5,106.8,72.5,No Fertilizer Needed
37.1,49.9,31.8,Black,Mungbean,122.1,39.7,109.1,SSP (Single Super Phosphate)
36.1,41.6,25.3,Black,Blackgram,0.3,63.7,39.1,Urea
27.1,98.4,57.9,Red,Lentil,95.9,140.4,79.1,Balanced NPK 10-10-10
36.5,87.1,75.7,Sandy,Coffee,144.0,147.8,173.5,No Fertilizer Needed
20.7,76.8,85.0,Red,Groundnut,102.3,71.1,155.7,No Fertilizer Needed
41.1,20.7,63.8,Black,Mango,99.0,90.7,115.6,No Fertilizer Needed
41.5,82.7,39.2,Sandy,Papaya,66.1,110.1,27.0,MOP (Muriate of Potash)
31.2,53.3,48.3,Red,Wheat,2.1,0.5,153.3,DAP (Diammonium Phosphate)
32.4,57.8,28.9,Loamy,Coconut,95.3,126.3,185.4,No Fertilizer Needed
26.8,90.7,77.7,Loamy,Papaya,109.6,85.8,166.1,No Fertilizer Needed
25.5,39.9,17.0,Red,Orange,6.6,36.9,134.1,DAP (Diammonium Phosphate)
16.9,56.7,26.0,Loamy,Sugarcane,148.0,57.0,156.8,No Fertilizer Needed
37.8,76.3,57.5,Sandy,Pomegranate,73.0,36.0,193.4,SSP (Single Super Phosphate)
37.2,23.0,10.8,Black,Groundnut,50.5,120.1,29.0,MOP (Muriate of Potash)
30.0,98.1,12.0,Black,Mango,144.1,51.1,75.5,No Fertilizer Needed
44.8,75.5,77.8,Sandy,Chickpea,70.3,115.8,213.5,No Fertilizer Needed
32.0,94.2,79.6,Loamy,Mango,6.5,52.6,157.8,Urea
20.4,56.0,52.6,Sandy,Wheat,33.5,28.5,177.9,DAP (Diammonium Phosphate)
37.3,22.2,26.0,Red,Mango,57.8,11.4,198.4,SSP (Single Super Phosphate)
16.9,25.0,32.6,Black,Cotton,73.6,101.9,87.4,No Fertilizer Needed
16.6,25.0,74.5,Loamy,Mungbean,44.7,130.8,77.5,Balanced NPK 10-10-10
20.2,88.0,26.4,Sandy,Rice,15.6,24.0,208.6,DAP (Diammonium Phosphate)
23.9,41.5,46.8,Red,Jute,92.4,24.1,134.8,SSP (Single Super Phosphate)
15.2,96.8,73.1,Sandy,Wheat,52.1,147.6,52.0,Balanced NPK 10-10-10
10.3,63.0,37.7,Clayey,Mungbean,59.1,24.5,93.9,SSP (Single Super Phosphate)
36.1,67.7,67.9,Loamy,Banana,141.9,59.9,68.4,No Fertilizer Needed
33.2,22.1,46.3,Clayey,Apple,51.4,135.9,49.3,Balanced NPK 10-10-10
16.3,78.9,33.6,Loamy,Banana,123.2,72.7,1.3,MOP (Muriate of Potash)
12.8,37.6,64.0,Clayey,Chickpea,132.5,49.3,9.8,MOP (Muriate of Potash)
21.6,47.2,38.5,Clayey,Pomegranate,96.6,115.1,12.3,MOP (Muriate of Potash)
19.5,29.0,18.8,Sandy,Maize,42.5,85.6,200.3,No Fertilizer Needed
35.1,24.5,55.3,Loamy,Blackgram,45.1,47.5,68.0,Balanced NPK 10-10-10
16.6,49.6,64.3,Loamy,Mungbean,13.4,63.0,128.8,Urea
21.7,67.0,77.9,Red,Papaya,35.9,42.8,110.5,Urea
16.5,29.3,37.0,Loamy,Pigeonpeas,98.6,132.2,93.7,No Fertilizer Needed
10.4,25.6,42.2,Sandy,Chickpea,24.9,129.3,194.2,Urea
19.1,95.1,67.2,Black,Jute,37.4,110.6,71.5,Urea
28.3,25.2,49.5,Clayey,Pomegranate,45.8,31.2,110.9,SSP (Single Super Phosphate)
22.5,49.5,65.6,Sandy,Sugarcane,49.5,5.0,53.5,SSP (Single Super Phosphate)
11.4,32.6,27.9,Clayey,Orange,76.5,40.6,207.8,Balanced NPK 10-10-10
32.1,34.7,30.2,Clayey,Blackgram,40.4,48.9,130.9,Balanced NPK 10-10-10
21.1,53.7,36.2,Clayey,Mothbeans,135.3,138.2,53.4,No Fertilizer Needed
38.0,70.7,85.0,Black,Pomegranate,1.7,85.3,30.6,Urea
33.3,62.5,63.7,Clayey,Jute,43.4,9.7,163.9,SSP (Single Super Phosphate)
32.2,29.7,74.4,Sandy,Groundnut,38.5,143.2,48.4,Urea
11.8,29.1,49.4,Clayey,Cotton,104.0,71.7,53.5,No Fertilizer Needed
20.0,40.0,22.1,Black,Banana,147.9,18.3,127.1,SSP (Single Super Phosphate)
17.8,88.6,85.0,Black,Groundnut,118.6,68.2,58.9,No Fertilizer Needed
19.4,31.1,20.5,Sandy,Banana,87.6,32.3,150.7,SSP (Single Super Phosphate)
24.3,88.5,56.1,Loamy,Pomegranate,113.9,2.5,73.7,SSP (Single Super Phosphate)
42.1,43.4,85.0,Black,Mungbean,100.6,89.9,109.0,No Fertilizer Needed
29.6,25.3,36.4,Black,Orange,70.2,116.5,106.0,No Fertilizer Needed
40.7,54.3,50.5,Black,Maize,0.5,52.2,206.3,Urea
38.1,90.8,30.4,Clayey,Orange,149.0,105.5,161.2,No Fertilizer Needed
24.8,53.2,77.7,Red,Coffee,115.6,8.3,180.0,SSP (Single Super Phosphate)
22.5,35.7,14.3,Sandy,Mango,29.5,12.6,194.2,DAP (Diammonium Phosphate)
10.8,93.8,54.6,Red,Lentil,33.5,79.5,155.4,Urea
21.3,63.0,74.8,Clayey,Apple,53.8,139.6,186.6,No Fertilizer Needed
25.3,93.5,17.0,Loamy,Papaya,141.5,4.5,73.0,SSP (Single Super Phosphate)
30.4,67.8,59.1,Clayey,Lentil,108.1,9.8,155.7,SSP (Single Super Phosphate)
43.8,68.8,26.7,Black,Mungbean,82.4,56.6,73.4,Balanced NPK 10-10-10
33.1,63.2,81.5,Red,Banana,101.6,71.6,92.6,No Fertilizer Needed
28.3,92.4,23.6,Black,Apple,105.6,81.0,90.1,No Fertilizer Needed
36.4,58.5,89.6,Loamy,Pomegranate,69.6,54.2,177.2,Balanced NPK 10-10-10
19.1,26.3,84.0,Loamy,Groundnut,121.8,83.0,146.0,No Fertilizer Needed
31.0,21.9,88.8,Red,Groundnut,137.6,133.6,192.9,No Fertilizer Needed
29.6,76.8,12.0,Loamy,Papaya,33.3,51.7,215.9,Urea
27.8,82.1,39.0,Black,Jute,65.4,91.8,161.0,No Fertilizer Needed
31.2,69.5,33.2,Loamy,Cotton,129.3,64.9,204.6,No Fertilizer Needed
30.0,69.8,34.5,Loamy,Blackgram,142.6,121.7,58.9,No Fertilizer Needed
16.4,86.8,41.7,Loamy,Wheat,143.3,52.6,110.9,No Fertilizer Needed
13.9,57.7,78.8,Sandy,Apple,123.3,11.3,159.4,SSP (Single Super Phosphate)
26.6,75.5,81.6,Loamy,Grapes,91.2,0.2,80.0,SSP (Single Super Phosphate)
21.0,69.9,73.7,Loamy,Mungbean,35.7,119.6,73.7,Urea
27.9,57.7,10.6,Black,Papaya,54.8,83.1,116.0,No Fertilizer Needed
28.5,26.5,18.8,Clayey,Maize,48.1,27.0,100.9,SSP (Single Super Phosphate)
35.1,76.1,65.3,Sandy,Jute,2.5,96.3,14.9,MOP (Muriate of Potash)
36.7,61.0,32.5,Sandy,Mango,101.3,50.8,181.4,No Fertilizer Needed
38.1,65.3,22.0,Black,Jute,75.3,98.0,211.2,No Fertilizer Needed
12.7,78.2,43.8,Sandy,Blackgram,64.8,48.9,143.6,Balanced NPK 10-10-10
41.9,23.0,20.4,Clayey,Blackgram,18.6,54.2,45.5,Urea
36.3,54.4,85.7,Red,Papaya,46.1,141.1,125.7,No Fertilizer Needed
13.3,37.8,63.1,Sandy,Banana,12.4,47.8,97.7,Urea
44.8,80.3,75.6,Sandy,Apple,91.8,107.4,7.3,MOP (Muriate of Potash)
22.5,90.0,50.6,Red,Pigeonpeas,138.9,29.4,40.1,SSP (Single Super Phosphate)
16.0,48.2,82.8,Sandy,Lentil,14.8,119.3,159.6,Urea
36.9,90.8,86.1,Black,Lentil,106.8,109.1,91.1,No Fertilizer Needed
16.5,39.1,75.6,Sandy,Cotton,133.9,64.1,91.5,No Fertilizer Needed
28.6,75.3,66.7,Sandy,Chickpea,58.7,71.3,173.2,Balanced NPK 10-10-10
16.1,93.8,25.6,Black,Groundnut,18.0,8.5,166.6,DAP (Diammonium Phosphate)
21.5,25.4,12.8,Clayey,Rice,136.8,61.8,147.3,No Fertilizer Needed
13.2,95.7,73.4,Loamy,Groundnut,114.1,132.1,142.1,No Fertilizer Needed
27.1,63.0,46.6,Black,Maize,94.3,138.6,154.0,No Fertilizer Needed
31.6,65.0,37.2,Black,Rice,11.2,130.1,23.0,MOP (Muriate of Potash)
20.4,31.5,77.8,Loamy,Coffee,115.5,88.3,103.9,No Fertilizer Needed
30.0,23.7,77.9,Loamy,Chickpea,19.8,92.6,77.1,Urea
15.8,63.1,37.8,Black,Grapes,13.5,104.3,211.4,Urea
20.7,86.3,35.0,Loamy,Papaya,14.1,71.5,198.4,Urea
24.6,60.3,20.1,Sandy,Mungbean,120.0,18.5,117.8,SSP (Single Super Phosphate)
43.0,95.6,54.4,Black,Rice,42.6,109.1,38.9,Balanced NPK 10-10-10
17.5,89.8,15.8,Red,Pomegranate,6.2,7.8,218.2,DAP (Diammonium Phosphate)
40.2,65.6,20.2,Red,Papaya,35.9,107.8,202.9,Urea
34.5,52.5,81.7,Red,Apple,48.8,140.7,162.0,No Fertilizer Needed
36.2,41.1,24.2,Clayey,Orange,51.5,6.8,181.5,SSP (Single Super Phosphate)
44.5,46.0,65.9,Loamy,Mothbeans,132.1,92.4,134.8,No Fertilizer Needed
42.7,94.2,28.8,Red,Sugarcane,62.1,82.3,183.9,No Fertilizer Needed
33.6,69.6,80.9,Black,Mothbeans,92.7,4.9,2.6,SSP (Single Super Phosphate)
10.8,84.5,47.9,Red,Wheat,29.5,69.3,6.4,MOP (Muriate of Potash)
44.8,33.9,37.2,Loamy,Mothbeans,143.2,127.6,67.3,No Fertilizer Needed
30.5,49.6,87.7,Black,Coffee,143.9,114.4,189.8,No Fertilizer Needed
26.7,86.6,18.4,Sandy,Pomegranate,122.6,107.7,65.8,No Fertilizer Needed
30.1,35.2,63.3,Sandy,Mango,115.5,0.1,193.0,SSP (Single Super Phosphate)
42.2,73.6,87.9,Red,Orange,29.4,92.1,200.7,Urea
28.4,63.7,48.6,Black,Blackgram,21.2,144.8,45.1,Urea
24.1,99.8,29.9,Sandy,Lentil,52.7,91.1,80.4,No Fertilizer Needed
16.7,28.7,21.1,Clayey,Pigeonpeas,51.7,60.8,201.8,Balanced NPK 10-10-10
42.3,20.6,84.4,Black,Cotton,24.7,96.5,130.3,Urea
43.4,30.3,74.3,Red,Pomegranate,36.4,133.6,38.2,Urea
10.9,69.8,36.6,Sandy,Grapes,127.8,45.0,181.5,No Fertilizer Needed
31.2,25.1,67.5,Black,Pigeonpeas,115.1,66.2,102.6,No Fertilizer Needed
37.7,57.6,46.0,Red,Papaya,45.1,86.3,214.9,No Fertilizer Needed
15.6,50.2,83.9,Clayey,Pomegranate,39.6,98.7,70.9,Urea
13.3,37.7,62.3,Clayey,Mothbeans,10.8,45.0,135.0,Urea
35.6,79.4,39.3,Loamy,Wheat,141.3,0.9,106.5,SSP (Single Super Phosphate)
12.3,28.1,46.9,Sandy,Lentil,116.0,70.3,8.1,MOP (Muriate of Potash)
26.6,24.2,81.7,Sandy,Groundnut,134.0,64.7,110.9,No Fertilizer Needed
15.7,32.7,42.0,Loamy,Cotton,86.8,89.0,167.4,No Fertilizer Needed
41.4,98.3,18.7,Clayey,Pigeonpeas,64.2,1.6,165.3,SSP (Single Super Phosphate)
36.7,94.7,71.5,Loamy,Apple,6.5,60.5,162.1,Urea
44.0,66.5,69.3,Sandy,Maize,19.1,44.4,15.0,MOP (Muriate of Potash)
44.3,80.1,48.1,Black,Orange,86.4,44.1,183.8,Balanced NPK 10-10-10
11.6,31.9,84.2,Red,Lentil,114.3,22.7,192.3,SSP (Single Super Phosphate)
39.3,50.4,12.0,Loamy,Chickpea,69.7,65.1,214.4,Balanced NPK 10-10-10
34.6,54.9,18.5,Clayey,Apple,104.1,96.9,44.9,No Fertilizer Needed
38.0,91.7,62.5,Red,Coconut,14.7,89.1,8.4,MOP (Muriate of Potash)
12.9,60.2,68.3,Clayey,Mango,6.2,86.9,56.6,Urea
20.6,93.5,27.0,Clayey,Chickpea,54.5,45.5,160.9,Balanced NPK 10-10-10
40.7,56.0,45.7,Sandy,Sugarcane,11.2,5.6,140.6,DAP (Diammonium Phosphate)
41.3,20.2,60.6,Black,Pomegranate,26.3,98.4,162.7,Urea
14.4,45.1,31.8,Loamy,Banana,84.8,149.0,214.2,No Fertilizer Needed
40.2,74.3,64.3,Loamy,Mungbean,72.0,104.7,173.8,No Fertilizer Needed
17.3,68.9,36.4,Clayey,Wheat,37.4,87.0,202.3,Urea
34.4,24.1,82.7,Clayey,Rice,116.4,145.4,102.8,No Fertilizer Needed
33.1,86.8,22.3,Red,Blackgram,126.9,56.4,72.5,No Fertilizer Needed
14.0,34.1,64.3,Black,Pigeonpeas,3.2,128.6,32.9,Urea
22.2,81.9,12.2,Red,Coconut,4.9,143.4,23.6,MOP (Muriate of Potash)
34.3,97.9,20.0,Black,Mango,88.5,108.1,177.5,No Fertilizer Needed
40.9,76.6,50.2,Loamy,Wheat,22.6,116.0,136.2,Urea
29.7,54.1,62.5,Clayey,Apple,76.0,132.1,22.1,MOP (Muriate of Potash)
40.4,35.5,71.4,Loamy,Apple,4.7,25.5,56.5,DAP (Diammonium Phosphate)
18.9,54.8,25.4,Black,Groundnut,24.8,5.5,90.4,DAP (Diammonium Phosphate)
21.6,36.5,84.0,Black,Mothbeans,105.1,74.4,10.6,MOP (Muriate of Potash)
13.9,68.0,81.5,Sandy,Jute,81.0,63.4,130.3,Balanced NPK 10-10-10
12.4,46.4,38.1,Clayey,Sugarcane,52.5,75.4,153.0,Balanced NPK 10-10-10
21.2,91.8,48.5,Black,Mango,66.0,65.2,83.4,Balanced NPK 10-10-10
35.0,72.9,10.1,Loamy,Lentil,32.5,19.7,119.6,DAP (Diammonium Phosphate)
15.4,40.3,38.4,Loamy,Maize,36.3,80.3,38.4,Urea
38.6,86.4,33.5,Loamy,Coffee,56.8,145.2,189.6,No Fertilizer Needed
33.0,95.7,84.4,Sandy,Pomegranate,8.5,111.2,86.8,Urea
43.4,62.7,49.4,Clayey,Blackgram,101.9,127.5,140.0,No Fertilizer Needed
31.3,80.1,35.2,Sandy,Jute,128.4,21.3,105.2,SSP (Single Super Phosphate)
20.8,34.7,54.9,Red,Coconut,104.4,16.6,174.2,SSP (Single Super Phosphate)
15.9,46.5,45.7,Black,Wheat,10.8,124.7,118.2,Urea
43.0,29.1,46.8,Loamy,Apple,101.8,22.2,53.2,SSP (Single Super Phosphate)
15.0,76.5,65.9,Loamy,Blackgram,73.3,32.6,187.1,SSP (Single Super Phosphate)
25.3,43.4,73.0,Red,Chickpea,31.2,64.9,84.0,Urea
35.3,39.2,43.9,Clayey,Cotton,52.2,93.8,118.0,No Fertilizer Needed
37.8,35.7,34.0,Sandy,Maize,131.1,145.6,60.4,No Fertilizer Needed
29.8,58.8,82.9,Loamy,Sugarcane,87.8,19.4,127.9,SSP (Single Super Phosphate)
35.7,94.6,74.4,Loamy,Rice,72.2,136.3,75.2,Balanced NPK 10-10-10
34.2,84.1,61.4,Sandy,Cotton,117.8,2.6,87.9,SSP (Single Super Phosphate)
30.7,38.7,14.6,Black,Grapes,77.6,140.4,218.6,No Fertilizer Needed
43.0,47.5,41.9,Clayey,Chickpea,69.3,43.3,100.8,Balanced NPK 10-10-10
40.9,91.2,45.1,Black,Papaya,71.5,93.7,189.7,No Fertilizer Needed
36.2,80.9,30.6,Sandy,Jute,144.5,107.9,167.7,No Fertilizer Needed
35.1,67.3,65.0,Loamy,Maize,60.8,43.8,6.6,MOP (Muriate of Potash)
19.0,59.3,54.3,Red,Orange,145.6,113.2,117.8,No Fertilizer Needed
15.9,84.6,87.2,Red,Rice,118.9,149.8,24.4,MOP (Muriate of Potash)
38.9,76.0,30.1,Loamy,Banana,23.9,132.8,109.4,Urea
44.6,55.8,54.2,Loamy,Pigeonpeas,140.1,60.9,166.5,No Fertilizer Needed
23.5,86.1,60.6,Loamy,Mango,93.9,102.0,97.2,No Fertilizer Needed
11.0,83.3,76.5,Black,Rice,2.4,57.0,63.4,Urea
36.9,59.1,10.6,Sandy,Blackgram,137.3,66.6,43.0,No Fertilizer Needed
22.3,80.4,52.7,Black,Blackgram,25.3,23.9,40.4,DAP (Diammonium Phosphate)
20.5,23.3,85.4,Sandy,Chickpea,36.6,69.2,101.6,Urea
18.9,46.5,55.2,Clayey,Chickpea,42.5,6.8,78.2,SSP (Single Super Phosphate)
42.6,34.4,35.3,Sandy,Pigeonpeas,70.4,22.3,111.3,SSP (Single Super Phosphate)
39.6,40.9,50.1,Red,Cotton,109.2,127.9,136.5,No Fertilizer Needed
34.5,65.7,48.8,Clayey,Chickpea,15.7,138.8,215.8,Urea
26.6,76.3,38.1,Clayey,Orange,92.7,3.1,186.4,SSP (Single Super Phosphate)
44.6,53.1,86.2,Sandy,Sugarcane,67.9,18.5,164.2,SSP (Single Super Phosphate)
29.6,69.2,52.3,Black,Papaya,25.4,98.2,209.5,Urea
20.5,99.4,15.7,Red,Coconut,111.7,113.3,192.4,No Fertilizer Needed
38.7,70.3,64.0,Clayey,Cotton,145.6,75.3,52.0,No Fertilizer Needed
31.2,63.9,29.8,Sandy,Pomegranate,133.9,88.4,170.4,No Fertilizer Needed
11.2,69.4,86.1,Sandy,Chickpea,13.8,88.8,67.2,Urea
16.8,75.1,36.9,Red,Jute,138.2,31.3,187.7,SSP (Single Super Phosphate)
39.4,21.7,16.4,Loamy,Papaya,48.5,52.6,4.2,MOP (Muriate of Potash)
25.6,33.3,53.8,Loamy,Wheat,48.6,110.3,117.8,No Fertilizer Needed
10.9,32.2,78.5,Loamy,Sugarcane,97.4,98.7,10.0,MOP (Muriate of Potash)
17.8,33.9,39.1,Red,Pigeonpeas,114.3,68.7,95.1,No Fertilizer Needed
31.5,81.7,46.2,Clayey,Orange,136.7,96.4,170.7,No Fertilizer Needed
40.8,84.7,47.9,Black,Cotton,27.0,146.2,180.1,Urea
10.3,38.9,84.5,Black,Papaya,27.6,128.3,27.5,MOP (Muriate of Potash)
18.6,55.7,84.4,Clayey,Maize,65.2,133.5,159.1,No Fertilizer Needed
11.7,37.4,43.8,Clayey,Cotton,51.6,13.4,31.0,SSP (Single Super Phosphate)
38.3,45.7,76.8,Black,Groundnut,51.9,111.3,160.4,No Fertilizer Needed
13.9,63.7,42.7,Black,Orange,139.5,20.2,107.9,SSP (Single Super Phosphate)
13.5,34.8,12.0,Black,Orange,39.8,128.3,177.3,Urea
28.3,82.1,14.9,Clayey,Coffee,17.4,30.8,83.4,DAP (Diammonium Phosphate)
32.0,54.4,87.7,Black,Wheat,88.1,86.3,195.5,No Fertilizer Needed
30.1,59.9,61.1,Loamy,Pigeonpeas,44.9,76.4,216.4,Balanced NPK 10-10-10
39.4,57.9,44.9,Loamy,Apple,16.6,102.8,92.0,Urea
22.3,37.8,71.1,Black,Lentil,126.7,133.7,67.8,No Fertilizer Needed
20.1,58.3,85.8,Loamy,Cotton,38.1,132.9,122.3,Urea
16.6,82.3,62.3,Loamy,Jute,119.8,32.4,101.5,SSP (Single Super Phosphate)
43.1,79.2,66.2,Clayey,Papaya,131.4,106.6,39.5,No Fertilizer Needed
19.6,41.7,22.4,Red,Pomegranate,85.6,133.4,113.3,No Fertilizer Needed
37.7,53.7,35.1,Loamy,Pigeonpeas,87.1,105.5,15.5,MOP (Muriate of Potash)
21.9,59.5,20.3,Loamy,Chickpea,99.2,136.9,58.8,Balanced NPK 10-10-10
19.3,58.6,62.7,Loamy,Grapes,60.7,25.8,162.7,SSP (Single Super Phosphate)
13.8,29.2,60.5,Clayey,Rice,11.9,35.7,87.8,DAP (Diammonium Phosphate)
16.1,71.5,48.6,Sandy,Maize,109.3,27.0,155.4,SSP (Single Super Phosphate)
27.4,35.6,18.0,Clayey,Apple,62.0,58.1,112.6,Balanced NPK 10-10-10
15.3,29.2,32.8,Black,Mothbeans,108.1,20.3,94.4,SSP (Single Super Phosphate)
34.5,47.3,46.1,Red,Coffee,4.6,15.9,217.9,DAP (Diammonium Phosphate)
24.8,40.8,74.4,Red,Grapes,117.8,135.7,143.3,No Fertilizer Needed
22.5,27.0,62.4,Loamy,Papaya,64.9,78.9,146.3,Balanced NPK 10-10-10
23.4,46.4,87.1,Black,Chickpea,11.1,38.0,205.2,DAP (Diammonium Phosphate)
12.5,63.1,19.5,Black,Apple,106.7,105.5,196.2,No Fertilizer Needed
40.3,63.8,48.4,Black,Apple,148.3,142.6,207.4,No Fertilizer Needed
37.3,59.5,12.1,Clayey,Orange,127.0,43.0,134.0,No Fertilizer Needed
13.9,69.2,88.1,Loamy,Sugarcane,15.9,4.1,151.9,DAP (Diammonium Phosphate)
42.7,34.1,42.8,Sandy,Pomegranate,108.4,81.1,190.4,No Fertilizer Needed
11.2,97.2,80.1,Clayey,Wheat,138.9,60.6,119.7,No Fertilizer Needed
17.7,69.5,53.7,Black,Pigeonpeas,39.3,59.8,130.7,Urea
30.7,31.0,35.5,Clayey,Mothbeans,48.3,121.7,215.9,No Fertilizer Needed
15.7,66.0,61.0,Black,Mothbeans,147.8,40.9,176.2,No Fertilizer Needed
14.2,44.1,42.1,Black,Apple,109.2,18.1,217.5,SSP (Single Super Phosphate)
34.7,67.7,64.6,Sandy,Chickpea,19.6,122.2,219.6,Urea
32.3,91.4,36.3,Sandy,Orange,129.9,105.4,101.4,No Fertilizer Needed
27.1,69.4,11.3,Red,Papaya,145.8,83.1,196.0,No Fertilizer Needed
24.2,23.0,65.7,Red,Coconut,122.8,148.7,155.5,No Fertilizer Needed
10.4,21.1,66.2,Red,Apple,13.1,85.5,38.5,Urea
30.2,76.8,66.1,Loamy,Mungbean,9.9,146.1,210.4,Urea
30.2,31.9,74.8,Sandy,Pigeonpeas,104.6,133.8,93.7,No Fertilizer Needed
30.8,29.4,53.5,Sandy,Banana,133.6,76.1,155.5,No Fertilizer Needed
20.7,63.0,39.8,Clayey,Pigeonpeas,100.0,141.8,144.0,No Fertilizer Needed
23.8,43.3,82.6,Sandy,Pigeonpeas,29.3,76.2,193.3,Urea
13.1,40.8,45.6,Clayey,Sugarcane,106.1,1.6,10.8,SSP (Single Super Phosphate)
24.0,50.6,81.8,Loamy,Rice,22.7,128.0,138.5,Urea
29.6,51.7,34.7,Red,Pomegranate,106.6,0.2,92.6,SSP (Single Super Phosphate)
14.4,24.1,13.8,Sandy,Mango,51.9,54.0,102.0,Balanced NPK 10-10-10
44.6,57.4,14.4,Red,Cotton,14.6,121.7,152.8,Urea
43.2,73.6,29.0,Red,Pigeonpeas,77.0,146.1,75.4,Balanced NPK 10-10-10
39.6,32.2,70.7,Black,Rice,27.1,34.5,68.2,DAP (Diammonium Phosphate)
12.9,96.3,83.1,Sandy,Pigeonpeas,27.2,136.7,59.4,Urea
26.9,68.7,45.2,Sandy,Orange,86.5,118.7,196.8,No Fertilizer Needed
38.7,71.8,48.1,Sandy,Orange,4.0,86.3,121.8,Urea
20.1,36.1,55.0,Black,Banana,90.6,92.3,201.7,No Fertilizer Needed
18.0,42.4,11.8,Red,Rice,118.2,32.4,129.7,SSP (Single Super Phosphate)
27.0,99.9,15.8,Black,Coconut,10.8,125.0,67.9,Urea
39.4,71.1,10.3,Black,Papaya,113.4,124.1,42.3,No Fertilizer Needed
15.2,62.9,76.9,Loamy,Maize,24.0,146.6,152.7,Urea
26.3,91.0,11.5,Loamy,Maize,63.3,3.8,15.7,SSP (Single Super Phosphate)
24.2,63.8,87.4,Black,Rice,105.6,95.0,125.6,No Fertilizer Needed
17.4,85.6,37.0,Red,Jute,40.9,91.8,113.4,No Fertilizer Needed
38.5,28.8,40.7,Red,Sugarcane,132.3,21.0,178.0,SSP (Single Super Phosphate)
26.6,33.1,19.2,Loamy,Maize,46.4,5.0,96.0,SSP (Single Super Phosphate)
26.1,49.2,47.7,Clayey,Mothbeans,36.1,4.4,145.9,DAP (Diammonium Phosphate)
44.7,97.9,66.9,Sandy,Pomegranate,132.2,93.9,107.6,No Fertilizer Needed
31.0,44.2,69.2,Sandy,Groundnut,28.0,91.1,54.5,Urea
20.4,26.1,70.4,Loamy,Mungbean,12.1,89.5,77.2,Urea
34.4,27.5,86.7,Loamy,Orange,48.1,144.6,160.0,No Fertilizer Needed
14.0,84.0,69.3,Loamy,Groundnut,135.0,13.0,212.6,SSP (Single Super Phosphate)
14.9,55.1,52.3,Black,Cotton,114.7,95.8,78.5,No Fertilizer Needed
35.4,98.2,20.9,Loamy,Maize,34.0,42.8,171.5,Urea
36.6,77.4,31.5,Sandy,Cotton,61.9,89.9,11.7,MOP (Muriate of Potash)
24.5,90.7,64.9,Sandy,Pomegranate,3.4,24.3,131.6,DAP (Diammonium Phosphate)
17.1,45.4,57.6,Red,Pigeonpeas,45.9,4.2,108.0,SSP (Single Super Phosphate)
40.1,72.0,82.6,Loamy,Mango,2.4,93.0,99.9,Urea
36.3,59.4,53.0,Loamy,Banana,26.4,132.7,143.1,Urea
42.6,88.2,57.0,Sandy,Lentil,28.2,77.3,30.4,Urea
14.8,29.2,68.7,Red,Mango,21.2,110.6,78.3,Urea
39.9,79.1,63.7,Loamy,Grapes,86.2,88.1,61.0,Balanced NPK 10-10-10
21.5,35.1,86.3,Clayey,Mungbean,17.3,13.8,169.4,DAP (Diammonium Phosphate)
19.9,64.6,38.2,Sandy,Groundnut,106.5,4.0,85.0,SSP (Single Super Phosphate)
39.4,61.4,45.3,Clayey,Papaya,87.3,15.8,52.3,SSP (Single Super Phosphate)
30.9,66.8,85.1,Loamy,Coconut,24.3,131.5,47.3,Urea
34.4,28.9,54.0,Sandy,Coconut,103.6,14.5,35.4,SSP (Single Super Phosphate)
23.9,96.0,89.2,Black,Jute,85.5,103.2,98.5,No Fertilizer Needed
38.0,42.5,12.5,Clayey,Pomegranate,118.9,41.6,153.6,No Fertilizer Needed
25.3,26.2,66.4,Sandy,Coconut,75.0,50.9,56.0,Balanced NPK 10-10-10
44.7,37.1,74.2,Sandy,Coconut,30.6,108.9,29.2,MOP (Muriate of Potash)
38.1,40.3,79.6,Black,Orange,58.5,21.4,26.4,SSP (Single Super Phosphate)
44.1,92.3,47.3,Red,Banana,96.9,12.5,132.3,SSP (Single Super Phosphate)
33.2,63.2,47.8,Clayey,Pomegranate,138.4,142.7,170.7,No Fertilizer Needed
41.7,67.7,45.9,Black,Rice,30.0,62.7,18.4,MOP (Muriate of Potash)
20.7,23.1,77.3,Loamy,Wheat,78.9,149.4,48.0,Balanced NPK 10-10-10
44.5,40.7,28.1,Sandy,Apple,125.2,142.8,83.1,No Fertilizer Needed
28.5,83.0,48.3,Loamy,Orange,16.6,126.0,185.1,Urea
15.6,58.3,51.9,Sandy,Pomegranate,149.0,113.8,118.0,No Fertilizer Needed
39.5,90.7,40.1,Sandy,Coffee,40.7,111.3,98.1,No Fertilizer Needed
30.1,80.7,76.6,Sandy,Groundnut,16.6,132.7,97.3,Urea
27.2,52.8,23.5,Black,Cotton,35.2,83.8,92.8,Urea
10.8,79.9,45.1,Clayey,Maize,75.0,40.4,100.4,Balanced NPK 10-10-10
31.1,35.9,89.5,Clayey,Coconut,77.2,21.2,185.5,SSP (Single Super Phosphate)
43.6,85.8,23.2,Loamy,Grapes,93.4,57.2,48.2,Balanced NPK 10-10-10
42.6,71.0,52.5,Red,Banana,85.9,110.3,166.9,No Fertilizer Needed
32.8,45.5,35.0,Red,Wheat,102.3,89.0,148.4,No Fertilizer Needed
41.3,49.4,66.2,Black,Blackgram,124.0,19.7,134.0,SSP (Single Super Phosphate)
37.1,21.0,65.2,Clayey,Cotton,143.6,93.3,213.4,No Fertilizer Needed
40.8,90.7,42.7,Clayey,Papaya,41.4,11.5,203.9,SSP (Single Super Phosphate)
17.3,97.4,80.0,Sandy,Grapes,121.7,4.4,48.7,SSP (Single Super Phosphate)
29.0,25.6,42.9,Black,Rice,61.0,137.8,79.4,Balanced NPK 10-10-10
19.1,49.1,58.4,Loamy,Mothbeans,93.3,119.8,66.9,Balanced NPK 10-10-10
44.0,52.9,22.8,Loamy,Grapes,70.1,118.5,78.9,Balanced NPK 10-10-10
42.2,42.5,82.2,Sandy,Coconut,92.6,34.1,151.1,SSP (Single Super Phosphate)
29.7,50.3,23.0,Loamy,Grapes,139.2,57.6,183.5,No Fertilizer Needed
14.7,52.3,88.2,Clayey,Grapes,106.2,2.4,82.0,SSP (Single Super Phosphate)
44.2,62.0,13.2,Black,Wheat,79.9,12.0,25.1,SSP (Single Super Phosphate)
36.2,26.6,68.1,Loamy,Rice,122.3,55.7,43.1,No Fertilizer Needed
37.3,67.2,21.5,Clayey,Mothbeans,7.1,87.9,48.3,Urea
24.5,33.9,79.6,Black,Banana,60.3,79.3,132.1,Balanced NPK 10-10-10
29.4,53.6,25.0,Sandy,Orange,113.9,148.3,27.1,MOP (Muriate of Potash)
36.8,28.6,55.1,Clayey,Maize,41.1,70.5,86.2,Balanced NPK 10-10-10
18.7,30.6,17.7,Sandy,Pomegranate,48.6,10.9,10.6,SSP (Single Super Phosphate)
17.2,29.2,44.8,Clayey,Sugarcane,41.2,149.4,72.8,Balanced NPK 10-10-10
12.3,86.9,61.8,Sandy,Coconut,144.4,54.2,42.7,No Fertilizer Needed
16.0,82.6,76.9,Clayey,Apple,121.6,53.4,140.4,No Fertilizer Needed
17.8,28.5,34.6,Sandy,Banana,129.9,5.0,16.5,SSP (Single Super Phosphate)
29.6,50.8,83.1,Sandy,Mothbeans,14.2,81.3,200.5,Urea
41.7,84.5,37.5,Sandy,Lentil,22.3,65.1,148.6,Urea
38.2,31.0,32.1,Red,Grapes,145.0,21.7,175.6,SSP (Single Super Phosphate)
24.3,87.6,43.4,Sandy,Mungbean,48.6,111.1,59.6,Balanced NPK 10-10-10
25.5,82.6,19.5,Black,Grapes,43.4,110.1,184.3,No Fertilizer Needed
24.4,53.9,10.7,Sandy,Maize,148.8,127.1,77.9,No Fertilizer Needed
16.8,87.9,34.5,Black,Coconut,18.8,133.5,47.9,Urea
43.3,51.5,88.9,Clayey,Apple,112.4,18.9,100.9,SSP (Single Super Phosphate)
40.0,90.3,30.5,Red,Papaya,81.3,67.7,143.4,Balanced NPK 10-10-10
15.5,49.0,87.6,Black,Jute,13.9,139.9,61.8,Urea
42.5,27.8,42.7,Sandy,Sugarcane,112.0,45.2,107.3,No Fertilizer Needed
27.6,59.3,77.8,Clayey,Lentil,24.2,59.7,101.4,Urea
31.0,26.7,87.0,Loamy,Coffee,2.6,137.8,154.4,Urea
31.7,85.5,60.6,Red,Maize,77.7,98.4,85.2,No Fertilizer Needed
41.7,71.0,14.0,Black,Banana,104.0,30.3,22.7,SSP (Single Super Phosphate)
34.0,43.0,73.1,Black,Chickpea,58.6,87.0,0.9,MOP (Muriate of Potash)
13.9,53.2,41.7,Sandy,Orange,127.4,84.0,190.2,No Fertilizer Needed
18.7,73.3,83.7,Sandy,Mungbean,107.7,92.9,147.2,No Fertilizer Needed
13.4,64.0,41.8,Sandy,Mango,73.4,123.0,34.2,Balanced NPK 10-10-10
10.2,58.2,31.8,Black,Banana,47.0,90.1,103.5,No Fertilizer Needed
41.3,85.4,64.0,Black,Apple,149.7,7.8,33.4,SSP (Single Super Phosphate)
27.3,98.8,35.0,Loamy,Apple,24.1,52.2,2.4,MOP (Muriate of Potash)
32.0,31.4,59.4,Red,Pigeonpeas,86.9,91.2,97.9,No Fertilizer Needed
26.6,87.2,17.9,Clayey,Apple,89.9,35.6,145.5,SSP (Single Super Phosphate)
30.1,51.7,11.7,Sandy,Chickpea,148.3,45.7,168.2,No Fertilizer Needed
41.5,84.3,32.1,Black,Wheat,141.4,76.3,128.0,No Fertilizer Needed
11.8,84.7,24.2,Loamy,Mungbean,129.5,8.5,60.3,SSP (Single Super Phosphate)
33.5,23.9,56.1,Loamy,Coffee,1.1,22.7,92.0,DAP (Diammonium Phosphate)
13.3,96.0,27.8,Sandy,Wheat,26.6,24.0,184.0,DAP (Diammonium Phosphate)
30.6,99.0,30.1,Red,Cotton,134.1,101.5,193.4,No Fertilizer Needed
15.2,48.3,75.3,Sandy,Coffee,102.9,148.6,179.8,No Fertilizer Needed
21.6,40.9,82.1,Black,Coconut,62.1,65.2,65.7,Balanced NPK 10-10-10
27.7,24.2,14.7,Loamy,Wheat,21.3,107.0,141.2,Urea
35.0,47.4,43.9,Clayey,Wheat,93.9,55.8,1.1,MOP (Muriate of Potash)
34.8,71.1,34.5,Red,Chickpea,45.4,91.9,142.7,No Fertilizer Needed
38.0,53.3,36.1,Red,Apple,95.2,5.0,122.5,SSP (Single Super Phosphate)
24.2,91.2,72.3,Black,Banana,44.7,126.7,175.8,No Fertilizer Needed
19.6,56.3,20.1,Sandy,Mango,31.9,76.8,168.7,Urea
33.5,41.6,77.1,Sandy,Maize,83.5,54.1,216.3,Balanced NPK 10-10-10
26.4,52.9,52.3,Clayey,Banana,58.8,139.6,84.9,No Fertilizer Needed
26.6,62.9,38.2,Clayey,Blackgram,83.2,17.1,212.7,SSP (Single Super Phosphate)
43.6,66.3,87.7,Red,Mango,46.0,93.8,69.3,Balanced NPK 10-10-10
12.7,68.0,71.2,Clayey,Pigeonpeas,148.4,99.9,181.4,No Fertilizer Needed
26.9,56.4,72.4,Clayey,Grapes,2.9,51.1,63.7,Urea
36.7,25.5,14.6,Black,Grapes,145.2,116.1,52.6,No Fertilizer Needed
17.1,33.0,76.8,Clayey,Grapes,46.7,142.2,131.4,No Fertilizer Needed
29.2,63.6,33.8,Red,Pomegranate,116.2,149.4,5.2,MOP (Muriate of Potash)
23.0,65.8,65.8,Sandy,Chickpea,48.5,51.7,108.5,Balanced NPK 10-10-10
42.0,66.8,23.9,Loamy,Grapes,93.0,41.9,119.3,Balanced NPK 10-10-10
12.2,60.3,12.2,Black,Coffee,2.4,29.5,176.0,DAP (Diammonium Phosphate)
12.8,63.8,64.6,Black,Lentil,88.7,59.9,69.2,Balanced NPK 10-10-10
19.0,79.1,55.3,Sandy,Cotton,61.3,5.5,69.3,SSP (Single Super Phosphate)
21.2,68.2,54.6,Black,Grapes,69.4,9.9,128.3,SSP (Single Super Phosphate)
25.7,45.2,48.9,Clayey,Coffee,141.9,109.3,62.2,No Fertilizer Needed
27.7,45.3,60.1,Clayey,Maize,103.5,65.5,52.5,No Fertilizer Needed
16.8,51.7,79.8,Sandy,Mango,140.4,112.2,118.6,No Fertilizer Needed
12.7,61.3,23.3,Sandy,Mango,137.6,129.0,193.0,No Fertilizer Needed
26.2,20.6,70.6,Sandy,Rice,91.7,108.6,78.3,Balanced NPK 10-10-10
14.7,83.5,54.2,Sandy,Mango,55.9,104.7,153.2,No Fertilizer Needed
14.5,72.5,12.8,Black,Maize,55.7,112.5,30.0,Balanced NPK 10-10-10
38.3,42.8,46.0,Black,Mothbeans,35.7,104.2,156.4,Urea
34.3,81.7,82.8,Loamy,Pomegranate,105.4,89.1,145.2,No Fertilizer Needed
39.8,47.8,33.0,Red,Grapes,114.3,71.8,66.3,No Fertilizer Needed
22.7,49.4,30.7,Sandy,Pomegranate,23.4,60.6,167.3,Urea
40.7,86.7,34.4,Clayey,Pomegranate,30.4,43.5,66.4,Urea
30.6,62.1,57.6,Loamy,Maize,13.4,8.7,158.9,DAP (Diammonium Phosphate)
17.3,27.9,53.6,Clayey,Pomegranate,32.8,3.8,80.0,DAP (Diammonium Phosphate)
24.2,36.5,77.1,Sandy,Apple,129.6,102.4,97.4,No Fertilizer Needed
17.8,52.1,82.3,Black,Mango,61.7,59.7,9.5,MOP (Muriate of Potash)
39.2,94.7,63.0,Black,Lentil,55.3,36.0,204.0,SSP (Single Super Phosphate)
26.0,33.3,64.6,Loamy,Banana,51.2,22.5,124.4,SSP (Single Super Phosphate)
38.2,41.5,86.4,Red,Apple,113.9,127.0,206.5,No Fertilizer Needed
28.2,82.1,86.8,Red,Banana,95.7,72.1,183.0,Balanced NPK 10-10-10
44.7,65.3,61.5,Black,Groundnut,103.7,107.1,23.4,MOP (Muriate of Potash)
42.7,34.6,24.7,Red,Pomegranate,105.1,133.1,26.5,MOP (Muriate of Potash)
28.7,92.7,55.8,Clayey,Banana,11.9,51.5,81.4,Urea
36.2,66.0,52.9,Black,Apple,86.3,55.5,67.3,Balanced NPK 10-10-10
24.6,85.0,83.5,Sandy,Mango,130.8,8.9,34.7,SSP (Single Super Phosphate)
35.6,67.8,46.2,Loamy,Mungbean,33.7,146.3,127.4,Urea
36.0,20.9,44.7,Clayey,Mothbeans,143.5,57.0,188.8,No Fertilizer Needed
17.1,38.9,67.7,Loamy,Coffee,103.8,106.4,45.5,No Fertilizer Needed
43.3,92.3,25.7,Clayey,Mothbeans,111.8,37.1,187.2,SSP (Single Super Phosphate)
15.2,60.5,83.0,Red,Chickpea,110.8,147.2,158.9,No Fertilizer Needed
13.5,62.1,55.7,Red,Sugarcane,140.3,67.3,89.9,No Fertilizer Needed
29.3,78.4,80.5,Clayey,Papaya,65.5,80.3,73.1,Balanced NPK 10-10-10
11.1,45.3,28.6,Red,Wheat,98.6,50.3,55.5,Balanced NPK 10-10-10
10.9,23.7,26.5,Black,Coconut,64.8,92.3,6.3,MOP (Muriate of Potash)
33.7,62.1,68.3,Clayey,Mungbean,97.8,127.2,105.7,No Fertilizer Needed
11.7,48.6,44.0,Black,Lentil,117.4,91.5,77.4,No Fertilizer Needed
28.5,67.6,24.1,Sandy,Jute,44.7,131.2,78.8,Balanced NPK 10-10-10
21.5,44.8,17.3,Sandy,Mango,34.7,130.2,135.2,Urea
24.6,98.9,54.2,Red,Pomegranate,113.4,138.3,109.3,No Fertilizer Needed
42.6,94.3,19.2,Sandy,Papaya,12.3,94.1,58.9,Urea
18.9,59.5,43.7,Loamy,Cotton,110.9,147.2,208.7,No Fertilizer Needed
17.5,30.7,65.1,Black,Rice,78.9,70.0,181.3,Balanced NPK 10-10-10
16.4,74.8,40.1,Black,Maize,50.2,87.4,34.7,Balanced NPK 10-10-10
17.3,50.2,29.9,Clayey,Rice,99.5,9.6,153.6,SSP (Single Super Phosphate)
20.1,64.5,74.0,Black,Mungbean,114.1,14.3,144.3,SSP (Single Super Phosphate)
44.7,70.1,61.4,Loamy,Pigeonpeas,125.3,73.7,140.7,No Fertilizer Needed
27.3,35.1,64.7,Loamy,Cotton,123.5,74.9,93.7,No Fertilizer Needed
24.4,94.6,74.5,Black,Lentil,9.0,31.2,3.3,NPK 20-20-20
17.5,81.8,58.0,Red,Apple,78.6,113.9,174.2,No Fertilizer Needed
36.7,67.9,44.7,Loamy,Papaya,83.8,115.0,168.3,No Fertilizer Needed
16.3,53.2,88.1,Loamy,Wheat,10.2,137.7,208.4,Urea
36.4,30.5,26.8,Loamy,Sugarcane,116.9,71.8,71.3,No Fertilizer Needed
29.4,46.5,88.8,Black,Mango,145.5,101.9,166.6,No Fertilizer Needed
15.5,44.6,84.9,Sandy,Pomegranate,4.5,11.9,49.1,DAP (Diammonium Phosphate)
40.8,49.0,63.9,Black,Orange,143.0,86.4,86.3,No Fertilizer Needed
11.0,25.8,66.8,Black,Cotton,55.4,111.3,5.4,MOP (Muriate of Potash)
10.8,94.3,74.2,Clayey,Papaya,74.9,60.9,37.0,Balanced NPK 10-10-10
24.2,23.6,46.6,Clayey,Lentil,48.4,14.4,189.6,SSP (Single Super Phosphate)
21.6,61.1,60.8,Red,Pigeonpeas,136.6,36.7,19.1,SSP (Single Super Phosphate)
27.7,75.5,74.1,Red,Chickpea,34.8,67.6,127.5,Urea
15.5,66.9,38.2,Sandy,Grapes,50.2,35.0,31.8,SSP (Single Super Phosphate)
11.3,38.5,50.8,Sandy,Coconut,39.0,127.1,132.7,Urea
18.0,95.2,38.3,Clayey,Orange,29.7,44.5,163.1,Urea
34.6,92.1,56.5,Clayey,Cotton,32.5,77.0,79.6,Urea
14.5,78.6,62.2,Red,Coffee,131.8,75.2,30.8,No Fertilizer Needed
19.9,86.6,55.5,Red,Papaya,131.1,133.9,132.0,No Fertilizer Needed
23.0,61.4,58.7,Sandy,Wheat,98.9,132.3,19.2,MOP (Muriate of Potash)
27.9,28.1,55.2,Sandy,Grapes,109.3,72.4,177.3,No Fertilizer Needed
32.7,43.5,18.3,Red,Chickpea,119.4,133.9,216.3,No Fertilizer Needed
22.5,43.4,54.6,Clayey,Coffee,96.8,2.6,213.0,SSP (Single Super Phosphate)
33.5,79.2,57.4,Clayey,Orange,131.6,50.4,126.6,No Fertilizer Needed
38.0,71.0,77.9,Black,Pigeonpeas,148.1,3.6,185.6,SSP (Single Super Phosphate)
15.2,39.2,34.9,Sandy,Blackgram,92.7,111.0,204.7,No Fertilizer Needed
23.7,47.0,16.0,Sandy,Jute,66.2,149.3,78.6,Balanced NPK 10-10-10
26.9,97.7,14.8,Red,Blackgram,82.6,24.5,36.5,SSP (Single Super Phosphate)
17.7,84.6,29.9,Black,Blackgram,27.5,41.9,207.5,Urea
33.3,35.8,69.7,Sandy,Papaya,27.9,23.6,130.0,DAP (Diammonium Phosphate)
40.4,25.0,85.4,Red,Rice,20.4,19.8,202.8,DAP (Diammonium Phosphate)
29.4,77.0,35.7,Black,Jute,96.4,109.7,135.8,No Fertilizer Needed
24.8,75.4,73.2,Clayey,Banana,142.7,134.1,165.5,No Fertilizer Needed
16.5,59.8,67.7,Red,Banana,128.7,114.8,213.4,No Fertilizer Needed
25.2,62.1,67.9,Red,Grapes,58.1,39.5,7.8,SSP (Single Super Phosphate)
20.8,60.6,55.2,Loamy,Mango,124.4,20.8,98.6,SSP (Single Super Phosphate)
31.3,29.0,78.0,Loamy,Rice,23.6,138.0,172.3,Urea
10.4,97.6,42.7,Red,Sugarcane,74.3,47.2,89.6,Balanced NPK 10-10-10
19.5,65.8,84.6,Sandy,Rice,143.2,4.6,42.6,SSP (Single Super Phosphate)
36.3,25.3,10.8,Red,Banana,54.9,4.2,50.7,SSP (Single Super Phosphate)
21.3,47.6,73.0,Black,Mothbeans,53.6,30.1,206.3,SSP (Single Super Phosphate)
35.3,40.7,56.5,Black,Mungbean,107.3,146.7,217.9,No Fertilizer Needed
22.8,27.6,18.5,Sandy,Lentil,85.9,73.3,0.9,MOP (Muriate of Potash)
25.0,96.7,16.1,Clayey,Pomegranate,40.9,119.9,130.3,No Fertilizer Needed
18.1,47.2,60.3,Loamy,Wheat,133.8,36.9,205.5,SSP (Single Super Phosphate)
29.5,62.4,77.3,Loamy,Mothbeans,120.0,60.9,29.1,MOP (Muriate of Potash)
37.0,80.4,44.8,Loamy,Blackgram,146.0,51.6,101.9,No Fertilizer Needed
27.7,39.4,33.2,Black,Mango,119.4,55.9,78.6,No Fertilizer Needed
43.9,29.0,87.3,Sandy,Mungbean,19.6,51.4,110.1,Urea
18.9,52.6,33.2,Loamy,Mango,110.6,76.6,30.0,No Fertilizer Needed
36.8,26.6,38.8,Red,Chickpea,31.6,42.1,87.7,Urea
17.8,64.5,81.0,Clayey,Blackgram,93.9,86.9,128.3,No Fertilizer Needed
26.8,34.4,82.8,Loamy,Pigeonpeas,138.8,38.4,120.9,SSP (Single Super Phosphate)
39.8,21.9,34.0,Clayey,Banana,36.0,19.1,118.9,DAP (Diammonium Phosphate)
24.1,66.1,35.5,Black,Chickpea,139.7,135.6,180.8,No Fertilizer Needed
41.8,65.6,42.4,Sandy,Coconut,68.8,37.3,40.2,SSP (Single Super Phosphate)
36.2,88.8,79.5,Red,Coffee,77.6,43.1,53.8,Balanced NPK 10-10-10
28.3,89.4,30.1,Clayey,Coconut,18.2,38.2,38.0,DAP (Diammonium Phosphate)
42.5,88.7,50.3,Clayey,Jute,96.8,19.1,127.8,SSP (Single Super Phosphate)
32.9,41.2,52.6,Black,Rice,64.1,52.6,27.5,MOP (Muriate of Potash)
10.3,29.4,46.1,Clayey,Coconut,19.4,27.7,12.7,NPK 20-20-20
44.2,33.3,13.8,Loamy,Mungbean,87.1,87.8,86.2,No Fertilizer Needed
25.3,23.5,76.8,Sandy,Papaya,66.0,133.6,74.8,Balanced NPK 10-10-10
18.3,60.8,20.8,Red,Cotton,85.2,74.4,138.8,Balanced NPK 10-10-10
13.6,20.8,88.7,Sandy,Coconut,141.6,149.9,123.7,No Fertilizer Needed
33.1,26.1,10.6,Sandy,Mungbean,79.8,12.2,95.3,SSP (Single Super Phosphate)
10.5,30.0,41.7,Black,Mungbean,124.5,30.0,8.5,SSP (Single Super Phosphate)
37.0,26.0,17.3,Loamy,Grapes,76.6,121.9,207.1,No Fertilizer Needed
16.9,48.6,19.2,Clayey,Papaya,56.1,72.3,127.7,Balanced NPK 10-10-10
24.9,72.6,22.8,Clayey,Mango,38.6,105.3,40.0,Urea
41.9,53.6,71.5,Loamy,Pomegranate,2.6,17.8,167.4,DAP (Diammonium Phosphate)
40.4,92.5,53.3,Loamy,Mungbean,110.2,15.5,33.8,SSP (Single Super Phosphate)
20.6,63.4,49.4,Red,Pomegranate,88.6,110.4,213.2,No Fertilizer Needed
38.4,54.2,65.2,Sandy,Lentil,97.1,113.6,22.8,MOP (Muriate of Potash)
31.8,47.2,84.1,Red,Blackgram,57.5,9.3,209.4,SSP (Single Super Phosphate)
26.7,75.3,38.7,Loamy,Coffee,31.2,82.3,202.6,Urea
13.8,23.1,20.6,Sandy,Banana,63.3,50.3,218.4,Balanced NPK 10-10-10
41.2,79.8,21.5,Black,Cotton,134.1,101.2,89.1,No Fertilizer Needed
43.0,33.3,47.4,Clayey,Blackgram,64.5,14.3,192.0,SSP (Single Super Phosphate)
25.0,91.0,60.3,Black,Maize,102.3,24.0,134.9,SSP (Single Super Phosphate)
41.0,85.9,75.7,Clayey,Banana,81.1,22.4,171.4,SSP (Single Super Phosphate)
20.0,74.3,79.4,Black,Mothbeans,32.0,139.5,72.3,Urea
28.4,45.0,64.8,Loamy,Rice,2.9,11.8,9.1,NPK 20-20-20
23.7,23.0,89.5,Clayey,Blackgram,144.6,24.3,181.3,SSP (Single Super Phosphate)
20.5,88.0,50.3,Clayey,Wheat,8.3,28.5,216.8,DAP (Diammonium Phosphate)
27.9,29.0,41.7,Clayey,Orange,93.9,15.3,40.8,SSP (Single Super Phosphate)
24.8,29.6,77.0,Sandy,Pomegranate,58.4,120.4,152.0,No Fertilizer Needed
17.3,35.2,38.5,Clayey,Maize,129.7,49.9,215.4,No Fertilizer Needed
28.5,31.9,38.4,Red,Orange,144.5,68.4,48.1,No Fertilizer Needed
16.1,62.9,78.7,Clayey,Lentil,144.8,138.0,125.3,No Fertilizer Needed
20.3,57.4,16.4,Loamy,Pigeonpeas,76.6,126.6,173.8,No Fertilizer Needed
17.3,66.4,65.2,Red,Sugarcane,65.1,47.7,51.3,Balanced NPK 10-10-10
19.7,84.9,83.7,Loamy,Sugarcane,149.6,112.0,201.4,No Fertilizer Needed
16.4,66.0,30.1,Sandy,Maize,97.8,7.0,52.4,SSP (Single Super Phosphate)
28.1,71.5,63.0,Red,Groundnut,26.7,113.9,167.2,Urea
16.9,69.8,38.1,Loamy,Lentil,149.0,136.3,43.7,No Fertilizer Needed
25.4,85.2,32.4,Sandy,Pomegranate,93.6,49.9,5.9,MOP (Muriate of Potash)
44.9,72.0,42.8,Black,Coconut,4.2,23.8,130.8,DAP (Diammonium Phosphate)
43.4,87.4,84.5,Red,Blackgram,58.2,33.7,71.4,SSP (Single Super Phosphate)
36.6,87.7,36.7,Sandy,Coffee,3.1,58.9,100.9,Urea
17.2,79.2,21.3,Loamy,Sugarcane,147.5,60.3,196.4,No Fertilizer Needed
31.7,60.5,34.2,Black,Orange,67.5,133.5,33.5,Balanced NPK 10-10-10
44.8,98.6,18.4,Loamy,Coffee,63.8,114.1,35.2,Balanced NPK 10-10-10
12.5,81.3,35.1,Red,Pomegranate,102.5,114.9,150.6,No Fertilizer Needed
14.4,73.0,46.6,Black,Mothbeans,22.0,28.0,175.8,DAP (Diammonium Phosphate)
25.4,67.4,74.1,Black,Blackgram,93.9,1.9,102.2,SSP (Single Super Phosphate)
24.6,27.5,33.8,Clayey,Pigeonpeas,96.9,33.5,65.5,SSP (Single Super Phosphate)
24.7,25.6,24.1,Black,Grapes,105.2,16.1,25.6,SSP (Single Super Phosphate)
15.5,59.8,49.3,Black,Wheat,97.6,18.7,81.3,SSP (Single Super Phosphate)
34.5,69.8,54.1,Loamy,Coffee,9.2,122.8,75.0,Urea
22.3,83.1,66.8,Sandy,Mungbean,122.4,60.8,68.9,No Fertilizer Needed
22.9,73.1,63.0,Loamy,Jute,103.3,22.4,196.0,SSP (Single Super Phosphate)
19.9,34.7,69.5,Black,Jute,48.5,131.5,2.0,MOP (Muriate of Potash)
44.7,34.9,58.9,Loamy,Coffee,105.3,56.0,141.6,No Fertilizer Needed
43.9,51.8,58.4,Loamy,Coconut,42.1,137.1,189.8,No Fertilizer Needed
20.1,79.7,75.8,Clayey,Mango,134.3,12.0,165.2,SSP (Single Super Phosphate)
29.6,36.5,66.8,Loamy,Apple,116.7,35.3,109.0,SSP (Single Super Phosphate)
12.2,55.3,86.0,Red,Papaya,59.4,58.3,63.5,Balanced NPK 10-10-10
10.2,31.8,25.7,Red,Papaya,65.6,117.4,81.7,No Fertilizer Needed
39.5,87.7,63.4,Red,Grapes,37.1,37.5,21.0,NPK 20-20-20
26.8,32.3,78.2,Loamy,Groundnut,125.9,16.2,62.3,SSP (Single Super Phosphate)
18.4,56.2,31.9,Red,Wheat,109.2,58.3,92.5,No Fertilizer Needed
32.7,54.3,24.7,Sandy,Rice,69.9,76.5,155.4,Balanced NPK 10-10-10
14.7,40.9,73.2,Clayey,Coffee,72.1,118.5,167.8,No Fertilizer Needed
19.2,70.3,40.2,Black,Coffee,146.5,113.8,99.3,No Fertilizer Needed
36.4,39.6,80.0,Black,Coconut,42.7,117.5,137.2,No Fertilizer Needed
25.1,92.8,77.5,Clayey,Coffee,60.9,109.2,32.6,Balanced NPK 10-10-10
19.0,79.1,16.6,Red,Lentil,118.8,117.9,176.8,No Fertilizer Needed
31.2,37.4,45.0,Loamy,Lentil,17.3,85.9,33.8,Urea
31.3,55.7,41.0,Sandy,Apple,144.9,144.3,85.2,No Fertilizer Needed
29.8,79.5,47.8,Sandy,Mungbean,14.0,30.6,178.9,DAP (Diammonium Phosphate)
24.3,41.2,88.0,Sandy,Wheat,80.3,122.7,202.2,No Fertilizer Needed
25.0,46.8,25.7,Red,Pigeonpeas,115.3,25.2,59.1,SSP (Single Super Phosphate)
15.9,56.4,79.2,Loamy,Rice,38.0,110.0,110.1,Urea
16.7,44.5,60.4,Black,Banana,72.0,132.3,56.7,Balanced NPK 10-10-10
44.3,74.5,85.8,Loamy,Rice,149.0,129.5,19.4,MOP (Muriate of Potash)
29.0,22.5,37.1,Red,Mothbeans,10.5,54.1,90.0,Urea
21.6,90.8,54.3,Loamy,Mango,127.1,60.7,47.3,No Fertilizer Needed
31.0,79.2,35.8,Sandy,Mungbean,15.9,121.3,15.3,MOP (Muriate of Potash)
14.4,62.2,33.5,Black,Pomegranate,120.2,127.5,47.9,No Fertilizer Needed
26.7,25.4,76.8,Loamy,Mango,97.9,56.6,45.5,Balanced NPK 10-10-10
16.6,68.4,75.7,Clayey,Rice,22.4,27.2,50.0,DAP (Diammonium Phosphate)
17.9,74.2,73.1,Clayey,Lentil,0.4,100.3,51.4,Urea
34.2,52.7,76.5,Loamy,Mango,102.6,47.0,26.9,MOP (Muriate of Potash)
41.7,89.9,43.8,Black,Coffee,129.8,37.3,93.9,SSP (Single Super Phosphate)
44.1,48.1,41.2,Red,Coffee,57.0,56.4,150.2,Balanced NPK 10-10-10
14.4,78.4,49.5,Clayey,Groundnut,8.4,84.7,160.3,Urea
10.4,63.0,61.8,Red,Sugarcane,1.0,39.1,39.6,DAP (Diammonium Phosphate)
21.3,80.1,38.7,Red,Grapes,74.9,139.0,208.3,No Fertilizer Needed
35.3,96.1,23.5,Loamy,Maize,59.5,101.8,9.2,MOP (Muriate of Potash)
40.8,26.8,62.7,Loamy,Mungbean,148.2,55.5,117.5,No Fertilizer Needed
29.5,94.4,45.1,Black,Papaya,27.9,130.6,70.7,Urea
40.7,80.6,34.9,Clayey,Pigeonpeas,109.0,54.0,199.5,No Fertilizer Needed
34.3,39.6,76.9,Black,Rice,23.3,147.8,6.8,MOP (Muriate of Potash)
18.5,62.4,28.8,Sandy,Grapes,94.8,49.0,39.5,Balanced NPK 10-10-10
37.4,68.6,40.3,Sandy,Blackgram,119.4,59.3,126.2,No Fertilizer Needed
22.9,99.7,52.4,Black,Coconut,51.0,80.8,41.8,Balanced NPK 10-10-10
28.1,65.7,72.3,Sandy,Cotton,35.9,16.7,1.1,NPK 20-20-20
21.9,26.5,61.3,Red,Coffee,74.1,88.9,65.5,Balanced NPK 10-10-10
35.0,48.0,33.4,Sandy,Groundnut,54.5,33.5,42.3,SSP (Single Super Phosphate)
42.4,51.7,17.0,Sandy,Maize,105.4,83.5,76.5,No Fertilizer Needed
37.5,70.4,88.2,Clayey,Grapes,48.2,116.6,133.8,No Fertilizer Needed
25.8,39.1,79.1,Clayey,Mothbeans,76.4,141.6,62.1,Balanced NPK 10-10-10
28.0,35.6,82.1,Red,Mango,75.8,28.2,31.1,SSP (Single Super Phosphate)
25.3,90.4,35.8,Loamy,Mothbeans,91.8,98.2,42.0,Balanced NPK 10-10-10
32.4,89.3,78.7,Red,Jute,4.7,94.4,6.9,MOP (Muriate of Potash)
39.5,54.4,22.8,Sandy,Coconut,63.0,55.7,203.7,Balanced NPK 10-10-10
37.9,66.5,27.6,Clayey,Maize,48.2,88.5,3.5,MOP (Muriate of Potash)
10.6,80.7,76.9,Clayey,Jute,86.2,40.4,90.2,Balanced NPK 10-10-10
19.2,23.5,75.6,Clayey,Mango,35.5,66.8,54.0,Urea
34.7,35.2,31.7,Loamy,Mungbean,23.0,98.1,50.8,Urea
27.8,60.2,45.7,Clayey,Groundnut,54.1,41.4,170.2,Balanced NPK 10-10-10
20.0,26.9,87.7,Black,Mango,92.4,25.5,20.4,SSP (Single Super Phosphate)
18.1,32.6,13.6,Clayey,Grapes,112.7,145.7,26.6,MOP (Muriate of Potash)
33.0,89.3,77.5,Clayey,Mungbean,133.1,3.4,174.9,SSP (Single Super Phosphate)
26.1,40.3,32.4,Clayey,Coconut,87.5,31.3,90.9,SSP (Single Super Phosphate)
26.6,80.7,50.5,Red,Papaya,40.5,101.3,191.1,No Fertilizer Needed
40.5,22.2,62.3,Clayey,Mothbeans,17.1,36.2,123.3,DAP (Diammonium Phosphate)
31.2,87.7,18.4,Sandy,Pigeonpeas,64.6,98.7,111.1,No Fertilizer Needed
25.6,74.1,38.2,Loamy,Orange,82.5,118.7,128.8,No Fertilizer Needed
34.8,62.6,53.2,Red,Banana,59.5,65.3,201.3,Balanced NPK 10-10-10
42.1,62.8,16.0,Black,Apple,144.4,97.6,103.1,No Fertilizer Needed
30.8,82.4,28.9,Red,Sugarcane,140.1,22.7,7.7,SSP (Single Super Phosphate)
40.0,74.5,60.8,Red,Pigeonpeas,76.8,39.8,199.5,SSP (Single Super Phosphate)
14.9,53.8,28.6,Red,Grapes,83.7,148.1,164.3,No Fertilizer Needed
15.7,74.2,30.9,Black,Pigeonpeas,4.4,98.9,93.1,Urea
23.6,82.6,37.2,Sandy,Papaya,142.3,140.4,133.1,No Fertilizer Needed
27.0,65.6,67.0,Clayey,Mango,5.1,103.7,38.0,Urea
40.3,65.9,26.4,Loamy,Grapes,71.2,111.7,216.3,No Fertilizer Needed
30.1,39.6,71.0,Clayey,Mothbeans,92.2,7.5,167.3,SSP (Single Super Phosphate)
30.0,30.3,65.3,Sandy,Pomegranate,15.5,1.2,196.7,DAP (Diammonium Phosphate)
24.7,58.6,77.1,Red,Jute,21.7,90.6,0.6,MOP (Muriate of Potash)
29.7,29.0,51.7,Black,Orange,121.7,41.6,193.2,No Fertilizer Needed
29.8,77.4,63.2,Loamy,Jute,51.9,148.6,188.8,No Fertilizer Needed
17.6,67.9,71.0,Loamy,Rice,48.0,63.1,144.2,Balanced NPK 10-10-10
21.6,52.6,17.6,Black,Coconut,4.0,80.1,89.3,Urea
42.4,95.4,87.7,Loamy,Pomegranate,145.5,57.0,165.7,No Fertilizer Needed
35.2,78.2,69.8,Loamy,Sugarcane,1.6,82.3,94.8,Urea
42.3,25.6,72.8,Sandy,Papaya,88.4,131.9,177.7,No Fertilizer Needed
14.5,60.6,56.2,Clayey,Pigeonpeas,40.8,64.9,164.6,Balanced NPK 10-10-10
30.2,29.4,63.3,Sandy,Blackgram,122.8,11.5,78.5,SSP (Single Super Phosphate)
20.3,31.7,27.3,Red,Blackgram,20.2,132.3,25.8,MOP (Muriate of Potash)
26.2,82.0,87.6,Red,Banana,34.6,5.8,88.7,DAP (Diammonium Phosphate)
15.7,66.0,79.6,Red,Chickpea,50.2,49.8,120.3,Balanced NPK 10-10-10
17.8,22.3,25.2,Black,Cotton,9.5,94.5,214.4,Urea
42.8,98.7,71.4,Red,Orange,135.1,149.3,52.4,No Fertilizer Needed
18.1,46.4,36.5,Red,Jute,119.7,108.6,105.0,No Fertilizer Needed
35.1,40.4,10.6,Red,Cotton,54.5,83.4,84.8,No Fertilizer Needed
15.4,21.1,32.2,Black,Sugarcane,21.4,22.2,38.5,DAP (Diammonium Phosphate)
20.1,23.2,79.5,Loamy,Mango,20.0,84.8,189.3,Urea
17.8,28.1,28.2,Loamy,Grapes,113.7,38.4,67.5,SSP (Single Super Phosphate)
20.1,51.6,45.7,Clayey,Rice,55.6,71.7,112.6,Balanced NPK 10-10-10
12.8,74.8,12.4,Black,Rice,63.1,51.8,79.8,Balanced NPK 10-10-10
14.1,98.1,62.4,Red,Jute,113.0,4.3,56.7,SSP (Single Super Phosphate)
32.9,40.1,81.7,Loamy,Papaya,1.0,103.9,68.7,Urea
44.1,29.1,80.8,Loamy,Mango,135.9,120.8,75.7,No Fertilizer Needed
36.6,26.5,28.1,Black,Groundnut,85.2,40.8,128.7,Balanced NPK 10-10-10
41.1,37.9,36.3,Clayey,Cotton,67.7,100.8,90.6,No Fertilizer Needed
29.7,44.9,37.5,Sandy,Sugarcane,148.9,3.5,40.7,SSP (Single Super Phosphate)
36.2,81.5,63.5,Loamy,Sugarcane,112.6,113.2,102.2,No Fertilizer Needed
30.6,64.8,37.0,Loamy,Sugarcane,111.9,118.5,70.3,No Fertilizer Needed
31.8,39.0,26.5,Sandy,Orange,63.8,147.4,214.9,No Fertilizer Needed
19.0,25.9,29.7,Clayey,Coffee,121.0,106.5,126.0,No Fertilizer Needed
39.8,45.3,37.7,Clayey,Mungbean,29.3,124.6,214.9,Urea
36.8,48.1,41.5,Black,Mango,125.9,98.7,194.7,No Fertilizer Needed
28.5,69.6,62.7,Sandy,Wheat,55.0,40.7,87.6,Balanced NPK 10-10-10
31.8,69.6,74.7,Clayey,Banana,73.3,90.3,75.6,Balanced NPK 10-10-10
15.2,32.0,68.0,Sandy,Rice,144.1,93.6,63.4,No Fertilizer Needed
10.0,53.5,87.2,Clayey,Mungbean,113.9,28.0,196.9,SSP (Single Super Phosphate)
41.9,45.0,23.1,Black,Wheat,51.7,138.7,98.6,No Fertilizer Needed
17.1,24.6,61.6,Loamy,Coconut,74.3,17.2,210.0,SSP (Single Super Phosphate)
26.7,20.0,21.0,Black,Jute,82.1,53.7,40.7,Balanced NPK 10-10-10
41.3,26.7,34.3,Red,Wheat,10.3,84.2,167.8,Urea
39.3,31.8,72.5,Sandy,Pigeonpeas,62.1,69.4,60.3,Balanced NPK 10-10-10
22.8,68.8,38.0,Red,Apple,86.9,94.6,23.8,MOP (Muriate of Potash)
37.1,25.9,62.0,Sandy,Maize,116.0,96.8,110.1,No Fertilizer Needed
19.1,87.5,62.0,Red,Wheat,64.9,135.9,175.5,No Fertilizer Needed
21.5,36.0,45.9,Sandy,Cotton,21.3,127.5,112.4,Urea
44.7,68.2,51.8,Black,Mothbeans,94.4,67.5,142.5,Balanced NPK 10-10-10
44.2,71.7,38.8,Sandy,Coconut,67.2,15.2,65.1,SSP (Single Super Phosphate)
13.8,62.8,35.2,Black,Pigeonpeas,51.3,141.3,87.6,No Fertilizer Needed
24.4,65.1,86.1,Sandy,Pigeonpeas,70.6,73.9,74.0,Balanced NPK 10-10-10
31.0,69.2,53.3,Black,Coconut,25.2,146.9,157.4,Urea
13.1,74.4,72.8,Clayey,Chickpea,66.7,89.9,216.2,No Fertilizer Needed
40.7,60.8,21.7,Black,Pigeonpeas,131.1,124.1,59.8,No Fertilizer Needed
39.3,57.7,64.1,Sandy,Coconut,126.0,117.7,134.7,No Fertilizer Needed
13.6,67.7,58.7,Loamy,Pomegranate,122.7,111.7,165.7,No Fertilizer Needed
17.6,70.6,21.6,Black,Mango,23.0,127.6,219.8,Urea
33.3,55.7,15.7,Black,Cotton,6.7,133.3,182.6,Urea
38.0,49.6,24.3,Sandy,Banana,15.5,112.4,59.3,Urea
11.4,90.3,54.8,Sandy,Rice,80.3,72.8,184.3,Balanced NPK 10-10-10
19.5,95.2,32.9,Clayey,Mango,111.7,82.1,49.4,No Fertilizer Needed
18.9,25.5,66.4,Red,Maize,44.2,78.2,83.1,Balanced NPK 10-10-10
42.9,53.1,68.1,Sandy,Apple,73.9,70.1,48.0,Balanced NPK 10-10-10
12.4,83.4,69.3,Loamy,Wheat,22.0,92.5,164.3,Urea
21.1,98.4,75.7,Sandy,Banana,14.4,17.0,63.8,DAP (Diammonium Phosphate)
13.4,30.6,41.6,Sandy,Coconut,135.3,51.3,216.9,No Fertilizer Needed
23.3,92.3,73.1,Black,Mungbean,116.5,74.4,10.9,MOP (Muriate of Potash)
29.1,87.6,41.6,Sandy,Blackgram,143.8,74.8,9.2,MOP (Muriate of Potash)
29.9,88.9,79.3,Sandy,Pomegranate,109.9,140.6,201.7,No Fertilizer Needed
31.4,52.2,40.2,Red,Orange,140.2,147.9,162.7,No Fertilizer Needed
33.0,76.5,88.0,Loamy,Banana,4.3,103.9,26.6,MOP (Muriate of Potash)
41.1,82.8,84.6,Loamy,Mothbeans,127.7,34.0,180.1,SSP (Single Super Phosphate)
27.4,80.5,38.6,Sandy,Apple,106.9,70.6,73.3,No Fertilizer Needed
32.0,93.2,12.6,Clayey,Mothbeans,132.3,86.9,102.3,No Fertilizer Needed
24.0,77.0,67.6,Black,Mungbean,101.3,74.9,175.1,No Fertilizer Needed
39.0,29.8,51.7,Loamy,Coffee,84.5,95.8,9.3,MOP (Muriate of Potash)
24.0,31.4,72.9,Black,Pigeonpeas,76.2,122.2,40.8,Balanced NPK 10-10-10
40.4,50.6,34.5,Red,Banana,138.3,53.3,130.0,No Fertilizer Needed
30.6,41.9,54.0,Red,Coffee,30.2,5.6,130.2,DAP (Diammonium Phosphate)
31.2,80.1,23.1,Black,Pigeonpeas,50.4,95.6,185.6,No Fertilizer Needed
44.7,49.8,54.0,Black,Chickpea,34.0,45.0,82.7,Urea
15.8,81.7,82.3,Black,Coconut,144.0,126.7,130.9,No Fertilizer Needed
30.8,77.5,24.3,Black,Cotton,33.4,30.9,152.8,DAP (Diammonium Phosphate)
29.7,77.9,24.5,Black,Coffee,14.4,73.7,64.4,Urea
31.1,66.3,15.7,Sandy,Orange,116.0,34.6,114.6,SSP (Single Super Phosphate)
11.4,24.3,51.1,Clayey,Orange,108.6,50.5,74.5,No Fertilizer Needed
36.5,68.2,18.0,Red,Maize,86.7,139.8,74.6,Balanced NPK 10-10-10
42.4,85.4,89.7,Black,Papaya,117.4,14.7,150.0,SSP (Single Super Phosphate)
37.5,25.8,38.7,Red,Banana,50.2,40.2,89.4,Balanced NPK 10-10-10
20.5,46.5,46.3,Sandy,Orange,100.7,94.6,70.4,No Fertilizer Needed
10.9,62.0,76.7,Loamy,Pomegranate,116.6,39.0,76.3,SSP (Single Super Phosphate)
40.5,41.1,30.7,Black,Papaya,31.3,20.1,188.6,DAP (Diammonium Phosphate)
44.6,81.8,52.4,Loamy,Sugarcane,108.7,10.5,30.5,SSP (Single Super Phosphate)
31.7,57.0,83.3,Black,Grapes,138.9,54.9,94.9,No Fertilizer Needed
40.3,99.0,69.9,Black,Jute,34.5,89.9,70.7,Urea
31.2,54.5,85.1,Red,Rice,101.5,60.1,100.7,No Fertilizer Needed
15.1,46.7,59.5,Black,Apple,118.5,82.0,177.3,No Fertilizer Needed
32.8,34.3,33.4,Sandy,Rice,73.0,20.1,8.7,SSP (Single Super Phosphate)
10.4,39.7,76.3,Sandy,Banana,73.8,70.9,11.1,MOP (Muriate of Potash)
42.8,51.5,31.9,Black,Orange,142.5,37.8,132.3,SSP (Single Super Phosphate)
39.4,44.9,21.7,Clayey,Pomegranate,45.1,68.0,14.9,MOP (Muriate of Potash)
34.3,57.5,53.8,Clayey,Groundnut,54.3,32.6,121.0,SSP (Single Super Phosphate)
17.3,35.8,44.0,Red,Pigeonpeas,83.0,133.2,219.2,No Fertilizer Needed
12.1,62.5,76.1,Sandy,Lentil,18.2,108.5,9.3,MOP (Muriate of Potash)
27.1,43.9,56.4,Red,Jute,4.1,49.4,144.3,Urea
10.8,22.3,69.7,Red,Mango,42.9,22.8,68.5,SSP (Single Super Phosphate)
39.9,33.5,89.8,Loamy,Pomegranate,47.8,64.8,32.6,Balanced NPK 10-10-10
16.8,27.3,17.0,Red,Maize,9.5,47.2,103.9,Urea
26.1,87.1,33.4,Clayey,Coffee,56.5,93.4,61.6,Balanced NPK 10-10-10
36.9,87.7,79.7,Loamy,Maize,117.0,134.1,215.9,No Fertilizer Needed
27.4,30.6,16.9,Loamy,Mango,23.7,134.5,180.8,Urea
43.4,29.1,34.7,Clayey,Orange,79.9,69.0,134.1,Balanced NPK 10-10-10
21.4,80.0,75.5,Clayey,Mothbeans,29.8,80.4,97.7,Urea
30.3,82.7,65.8,Black,Pigeonpeas,148.9,30.7,67.3,SSP (Single Super Phosphate)
11.9,35.7,52.6,Black,Apple,82.2,107.5,9.0,MOP (Muriate of Potash)
18.4,88.3,82.6,Black,Mungbean,52.3,126.3,178.0,No Fertilizer Needed
22.1,97.4,49.6,Loamy,Rice,22.2,128.8,58.2,Urea
15.0,43.2,31.2,Loamy,Jute,11.7,74.4,65.7,Urea
44.5,99.6,29.9,Clayey,Sugarcane,47.8,46.8,118.7,Balanced NPK 10-10-10
26.5,55.9,77.2,Clayey,Grapes,138.1,94.1,124.4,No Fertilizer Needed
10.2,29.7,23.0,Sandy,Cotton,42.7,25.3,70.7,SSP (Single Super Phosphate)
38.8,60.4,15.1,Clayey,Chickpea,123.0,102.9,85.6,No Fertilizer Needed
11.8,22.4,14.0,Black,Rice,44.0,87.2,92.1,No Fertilizer Needed
39.0,80.9,13.6,Red,Rice,37.7,2.8,74.1,DAP (Diammonium Phosphate)
41.5,44.3,33.1,Black,Grapes,119.0,38.8,67.6,SSP (Single Super Phosphate)
23.1,89.1,33.3,Sandy,Papaya,108.5,69.5,193.0,No Fertilizer Needed
28.9,42.0,83.3,Clayey,Rice,36.9,147.9,108.2,Urea
30.6,21.9,89.7,Sandy,Papaya,98.8,135.2,219.2,No Fertilizer Needed
12.8,73.2,14.4,Red,Mango,48.1,104.4,110.1,No Fertilizer Needed
14.5,77.5,28.0,Loamy,Pigeonpeas,83.3,48.5,13.0,MOP (Muriate of Potash)
11.9,23.8,16.4,Sandy,Blackgram,3.6,138.6,85.7,Urea
39.3,67.8,15.7,Loamy,Lentil,22.0,50.0,136.8,Urea
34.9,85.7,37.9,Red,Mungbean,86.0,16.1,152.0,SSP (Single Super Phosphate)
16.5,51.8,49.6,Sandy,Wheat,2.1,149.5,195.9,Urea
26.9,84.0,86.6,Black,Chickpea,32.3,137.6,92.2,Urea
42.0,82.1,75.4,Black,Lentil,54.6,115.7,19.1,MOP (Muriate of Potash)
43.4,49.7,45.5,Loamy,Rice,99.5,135.6,76.0,Balanced NPK 10-10-10
41.0,87.4,61.1,Loamy,Chickpea,80.3,84.6,103.8,No Fertilizer Needed
23.9,90.7,14.9,Clayey,Jute,84.7,43.0,190.6,Balanced NPK 10-10-10
24.7,80.6,70.9,Loamy,Wheat,74.4,145.6,13.7,MOP (Muriate of Potash)
24.3,23.6,59.8,Black,Sugarcane,109.5,67.9,210.8,No Fertilizer Needed
42.1,98.1,15.9,Sandy,Pomegranate,121.1,111.4,11.0,MOP (Muriate of Potash)
17.3,93.5,48.0,Sandy,Coconut,13.4,41.4,206.4,Urea
10.5,84.9,78.0,Sandy,Grapes,128.2,28.8,133.7,SSP (Single Super Phosphate)
10.1,27.6,52.9,Red,Pomegranate,70.7,24.9,182.6,SSP (Single Super Phosphate)
29.1,44.0,14.5,Black,Blackgram,69.5,3.9,160.7,SSP (Single Super Phosphate)
29.7,56.5,83.7,Red,Rice,72.9,56.7,218.5,Balanced NPK 10-10-10
11.7,98.0,55.1,Red,Wheat,17.7,58.1,76.6,Urea
43.1,40.9,51.8,Loamy,Coconut,39.0,100.6,36.5,Urea
25.9,46.5,22.0,Red,Sugarcane,76.5,62.8,32.0,Balanced NPK 10-10-10
24.0,56.9,11.1,Clayey,Mothbeans,56.9,115.7,13.3,MOP (Muriate of Potash)
16.3,62.8,30.2,Clayey,Cotton,90.3,9.2,184.8,SSP (Single Super Phosphate)
39.3,70.2,84.7,Black,Grapes,65.8,49.5,98.3,Balanced NPK 10-10-10
13.7,47.0,15.4,Clayey,Wheat,0.1,25.6,64.0,DAP (Diammonium Phosphate)
21.9,51.5,74.9,Clayey,Mothbeans,17.8,107.6,85.5,Urea
35.2,49.6,47.4,Red,Pigeonpeas,79.4,60.9,82.2,Balanced NPK 10-10-10
17.8,38.7,42.4,Red,Papaya,66.5,112.1,211.6,No Fertilizer Needed
10.1,71.1,54.3,Black,Papaya,142.4,107.2,34.5,No Fertilizer Needed
38.3,39.3,16.3,Black,Blackgram,39.1,30.3,179.4,DAP (Diammonium Phosphate)
40.7,78.8,34.3,Sandy,Sugarcane,115.7,105.9,26.9,MOP (Muriate of Potash)
10.4,30.0,80.5,Black,Apple,27.5,37.6,157.4,DAP (Diammonium Phosphate)
44.8,44.2,77.3,Sandy,Sugarcane,133.4,9.7,58.0,SSP (Single Super Phosphate)
30.8,28.7,16.3,Black,Orange,136.9,75.8,163.9,No Fertilizer Needed
13.4,85.9,28.5,Loamy,Mango,89.6,90.1,71.8,Balanced NPK 10-10-10
16.6,81.2,16.8,Loamy,Apple,14.3,30.0,116.1,DAP (Diammonium Phosphate)
42.2,25.6,38.8,Clayey,Apple,107.8,100.4,89.6,No Fertilizer Needed
21.3,53.3,23.0,Loamy,Cotton,28.1,124.8,73.6,Urea
36.3,87.9,19.1,Sandy,Pigeonpeas,95.7,31.5,110.6,SSP (Single Super Phosphate)
25.2,85.3,43.5,Red,Grapes,67.9,0.1,189.0,SSP (Single Super Phosphate)
18.7,43.3,67.1,Red,Papaya,9.1,2.7,114.2,DAP (Diammonium Phosphate)
11.4,50.6,47.4,Sandy,Jute,5.6,33.7,209.9,DAP (Diammonium Phosphate)
15.7,56.6,44.9,Loamy,Coconut,8.9,59.7,153.5,Urea
35.3,36.1,50.1,Loamy,Mothbeans,110.7,149.0,151.1,No Fertilizer Needed
10.3,21.0,83.1,Black,Coffee,2.1,37.7,51.2,DAP (Diammonium Phosphate)
30.8,22.6,31.8,Sandy,Chickpea,78.9,53.7,133.3,Balanced NPK 10-10-10
21.0,90.0,58.1,Loamy,Wheat,66.6,50.0,131.7,Balanced NPK 10-10-10
42.0,99.2,75.6,Red,Orange,146.4,86.2,64.6,No Fertilizer Needed
25.3,65.1,89.3,Black,Apple,50.3,29.9,212.8,SSP (Single Super Phosphate)
26.6,76.6,68.2,Loamy,Pomegranate,43.1,109.2,8.3,MOP (Muriate of Potash)
25.0,74.8,16.7,Sandy,Lentil,32.0,24.3,24.5,NPK 20-20-20
21.0,45.5,72.4,Red,Sugarcane,100.1,123.9,208.1,No Fertilizer Needed
10.8,59.8,85.2,Red,Grapes,85.6,139.7,81.1,No Fertilizer Needed
22.6,46.3,80.3,Loamy,Rice,102.9,111.4,190.6,No Fertilizer Needed
32.0,99.9,22.6,Loamy,Mango,26.1,59.0,183.4,Urea
17.3,50.6,71.5,Sandy,Coconut,26.7,120.6,5.3,MOP (Muriate of Potash)
31.1,92.7,16.5,Loamy,Mango,94.8,64.7,9.0,MOP (Muriate of Potash)
34.0,71.2,65.4,Sandy,Banana,101.2,35.6,71.9,SSP (Single Super Phosphate)
24.0,95.9,60.3,Sandy,Blackgram,77.1,137.3,119.7,No Fertilizer Needed
24.4,43.9,45.7,Sandy,Coffee,71.4,140.5,215.0,No Fertilizer Needed
34.0,58.9,81.9,Black,Jute,70.7,103.8,171.5,No Fertilizer Needed
40.9,47.7,78.9,Black,Lentil,135.9,62.4,70.2,No Fertilizer Needed
24.4,53.2,10.7,Clayey,Pigeonpeas,58.0,18.2,171.5,SSP (Single Super Phosphate)
22.2,26.7,74.8,Loamy,Rice,23.0,62.8,194.9,Urea
30.7,36.7,45.9,Clayey,Groundnut,121.4,114.1,138.9,No Fertilizer Needed
11.4,62.4,76.5,Red,Orange,98.4,138.4,196.6,No Fertilizer Needed
16.8,22.4,67.3,Clayey,Maize,94.6,3.2,173.8,SSP (Single Super Phosphate)
32.9,91.5,88.3,Red,Coconut,57.3,6.9,192.6,SSP (Single Super Phosphate)
21.7,78.3,41.8,Clayey,Rice,11.2,77.4,93.3,Urea
29.2,65.1,59.5,Clayey,Pomegranate,12.8,128.7,47.9,Urea
28.7,81.1,58.9,Black,Pigeonpeas,56.5,104.4,180.8,No Fertilizer Needed
22.9,50.4,78.8,Loamy,Mothbeans,32.0,65.4,186.8,Urea
14.3,89.6,62.8,Loamy,Coconut,61.1,28.8,158.4,SSP (Single Super Phosphate)
23.7,83.8,56.4,Sandy,Mothbeans,32.1,147.0,93.7,Urea
10.4,59.7,49.7,Loamy,Maize,99.1,47.4,89.0,Balanced NPK 10-10-10
12.2,71.4,24.1,Loamy,Cotton,127.8,33.7,188.2,SSP (Single Super Phosphate)
33.1,21.5,21.8,Clayey,Blackgram,126.4,48.9,208.2,No Fertilizer Needed
14.3,41.3,25.7,Red,Chickpea,112.3,68.1,186.1,No Fertilizer Needed
13.6,72.0,30.2,Clayey,Blackgram,129.6,113.8,202.7,No Fertilizer Needed
29.6,51.7,86.4,Black,Blackgram,107.0,74.2,138.0,No Fertilizer Needed
17.6,74.2,14.1,Red,Blackgram,21.1,44.3,63.9,Urea
44.4,66.0,36.2,Black,Mango,145.4,55.2,195.3,No Fertilizer Needed
29.3,97.2,18.7,Sandy,Coffee,26.6,68.2,54.5,Urea
34.9,45.7,11.1,Loamy,Orange,87.6,22.3,43.4,SSP (Single Super Phosphate)
22.5,27.5,88.1,Black,Rice,17.6,130.0,138.2,Urea
18.3,37.4,55.7,Loamy,Pomegranate,91.7,28.5,149.1,SSP (Single Super Phosphate)
35.6,68.7,81.8,Sandy,Sugarcane,21.5,66.2,128.4,Urea
20.0,21.4,32.3,Red,Blackgram,86.1,27.9,93.0,SSP (Single Super Phosphate)
21.6,42.3,51.0,Red,Banana,149.0,78.7,207.0,No Fertilizer Needed
18.2,51.5,22.2,Clayey,Lentil,143.1,131.6,8.9,MOP (Muriate of Potash)
41.3,61.7,66.6,Black,Coconut,3.6,42.8,56.9,Urea
30.9,74.9,22.0,Red,Mothbeans,59.7,60.9,190.7,Balanced NPK 10-10-10
32.7,52.4,63.7,Sandy,Apple,59.4,65.2,200.5,Balanced NPK 10-10-10
14.1,34.3,68.0,Red,Apple,143.2,143.1,103.0,No Fertilizer Needed
23.6,48.2,66.0,Red,Banana,116.8,100.1,6.7,MOP (Muriate of Potash)
22.2,34.7,47.8,Sandy,Maize,147.2,114.4,63.9,No Fertilizer Needed
15.2,51.9,65.6,Loamy,Wheat,103.1,32.3,104.5,SSP (Single Super Phosphate)
34.5,34.2,52.3,Black,Blackgram,40.5,5.0,119.5,SSP (Single Super Phosphate)
36.5,64.0,50.8,Black,Groundnut,26.1,63.5,161.7,Urea
21.9,45.3,20.7,Red,Apple,119.8,101.0,59.2,No Fertilizer Needed
24.1,57.2,63.4,Sandy,Rice,17.3,83.6,168.1,Urea
31.4,37.8,88.3,Clayey,Lentil,95.1,78.3,27.7,MOP (Muriate of Potash)
24.9,54.8,51.2,Clayey,Rice,138.6,25.8,35.0,SSP (Single Super Phosphate)
22.9,26.0,14.7,Red,Coffee,62.2,65.3,145.8,Balanced NPK 10-10-10
38.2,90.1,36.1,Loamy,Cotton,118.9,25.0,140.8,SSP (Single Super Phosphate)
33.9,39.3,35.9,Red,Orange,126.7,49.6,215.7,No Fertilizer Needed
33.5,60.0,28.3,Loamy,Jute,77.2,139.1,58.2,Balanced NPK 10-10-10
17.1,53.1,83.6,Clayey,Mango,8.0,58.0,156.7,Urea
39.4,81.1,58.9,Black,Banana,43.5,78.7,187.0,Balanced NPK 10-10-10
44.8,70.2,62.9,Red,Mango,53.0,63.1,131.1,Balanced NPK 10-10-10
40.6,41.6,25.3,Sandy,Maize,111.3,80.0,59.1,No Fertilizer Needed
28.3,88.7,31.6,Loamy,Jute,100.4,80.0,169.5,No Fertilizer Needed
12.6,82.7,27.8,Sandy,Orange,76.1,130.8,194.4,No Fertilizer Needed
41.4,31.5,84.6,Red,Blackgram,103.5,19.6,187.7,SSP (Single Super Phosphate)
29.2,37.2,70.1,Red,Apple,137.2,90.5,209.3,No Fertilizer Needed
16.5,62.0,81.1,Clayey,Sugarcane,90.0,0.8,127.1,SSP (Single Super Phosphate)
10.8,50.2,54.7,Loamy,Rice,58.1,76.6,106.3,Balanced NPK 10-10-10
15.0,39.0,54.4,Red,Chickpea,85.9,55.9,209.5,Balanced NPK 10-10-10
38.2,33.5,84.2,Clayey,Coffee,104.9,32.9,144.7,SSP (Single Super Phosphate)
22.5,26.6,83.3,Red,Orange,117.5,72.1,49.6,No Fertilizer Needed
35.5,42.8,50.4,Black,Pigeonpeas,108.0,124.0,37.4,No Fertilizer Needed
21.4,83.5,55.1,Red,Mango,109.6,89.4,39.8,No Fertilizer Needed
15.1,99.2,45.9,Sandy,Papaya,54.8,116.7,65.2,Balanced NPK 10-10-10
15.4,91.3,78.9,Black,Maize,62.2,52.9,71.5,Balanced NPK 10-10-10
37.8,88.0,17.7,Sandy,Blackgram,40.7,30.7,15.2,SSP (Single Super Phosphate)
21.7,75.5,72.3,Sandy,Pomegranate,74.7,140.3,98.1,No Fertilizer Needed
21.8,25.9,69.6,Sandy,Banana,118.5,35.2,136.1,SSP (Single Super Phosphate)
23.4,84.6,44.5,Black,Sugarcane,58.0,109.2,170.9,No Fertilizer Needed
22.4,21.2,36.0,Red,Jute,42.2,106.3,156.9,No Fertilizer Needed
17.1,96.8,19.9,Sandy,Apple,65.5,103.5,136.9,No Fertilizer Needed
30.3,85.5,42.9,Loamy,Mungbean,97.9,108.2,99.0,No Fertilizer Needed
35.4,96.1,43.9,Sandy,Mango,102.1,10.2,50.7,SSP (Single Super Phosphate)
35.6,81.8,19.8,Loamy,Mango,92.3,146.7,91.5,No Fertilizer Needed
30.3,22.4,43.4,Sandy,Banana,113.8,45.2,176.8,No Fertilizer Needed
31.5,51.7,62.2,Clayey,Groundnut,110.1,144.5,123.4,No Fertilizer Needed
17.9,98.0,37.1,Red,Rice,62.1,77.8,160.5,Balanced NPK 10-10-10
23.6,63.3,68.6,Black,Chickpea,109.0,111.0,135.9,No Fertilizer Needed
25.7,99.5,57.9,Sandy,Mothbeans,53.8,84.8,215.2,No Fertilizer Needed
36.0,41.4,17.3,Black,Coconut,131.2,93.9,68.8,No Fertilizer Needed
13.3,64.5,13.6,Sandy,Mango,103.5,70.6,154.9,No Fertilizer Needed
24.5,42.0,12.4,Red,Mungbean,43.8,41.7,160.1,Balanced NPK 10-10-10
30.0,26.7,76.6,Loamy,Rice,2.1,93.2,13.0,MOP (Muriate of Potash)
25.6,27.1,84.6,Black,Apple,91.4,25.3,85.4,SSP (Single Super Phosphate)
42.6,99.0,28.0,Red,Sugarcane,140.0,88.9,87.4,No Fertilizer Needed
42.4,98.4,20.8,Loamy,Wheat,32.1,44.2,28.0,MOP (Muriate of Potash)
26.6,62.8,24.0,Clayey,Maize,147.1,64.1,8.2,MOP (Muriate of Potash)
16.0,69.8,33.7,Loamy,Wheat,100.3,121.9,142.1,No Fertilizer Needed
26.9,81.8,38.7,Clayey,Lentil,66.4,101.9,95.7,No Fertilizer Needed
16.6,40.9,39.6,Sandy,Pigeonpeas,85.2,125.1,25.0,MOP (Muriate of Potash)
38.3,78.5,86.6,Loamy,Banana,88.4,113.0,57.1,Balanced NPK 10-10-10
37.3,65.0,55.6,Sandy,Mothbeans,124.7,124.5,18.1,MOP (Muriate of Potash)
20.4,72.2,62.7,Red,Apple,1.5,0.7,14.6,NPK 20-20-20
34.6,64.2,24.2,Sandy,Coconut,102.9,125.2,101.9,No Fertilizer Needed
24.7,68.4,48.2,Loamy,Pigeonpeas,21.9,7.2,72.2,DAP (Diammonium Phosphate)
29.0,95.4,85.3,Clayey,Jute,72.1,95.5,201.1,No Fertilizer Needed
35.2,66.9,84.8,Clayey,Mungbean,134.0,15.2,22.2,SSP (Single Super Phosphate)
16.6,52.1,72.8,Black,Wheat,44.3,85.2,127.2,No Fertilizer Needed
14.3,39.3,56.8,Sandy,Coconut,101.0,3.0,163.8,SSP (Single Super Phosphate)
35.2,73.6,33.2,Sandy,Wheat,128.7,88.8,36.6,No Fertilizer Needed
29.5,97.6,64.2,Black,Grapes,97.7,90.4,66.0,Balanced NPK 10-10-10
27.7,97.2,54.7,Sandy,Mothbeans,114.3,126.1,107.2,No Fertilizer Needed
31.5,68.9,85.0,Sandy,Coffee,120.0,75.7,193.0,No Fertilizer Needed
26.2,93.0,18.2,Clayey,Lentil,144.3,91.2,34.0,No Fertilizer Needed
37.6,71.5,13.7,Black,Wheat,116.5,8.9,129.4,SSP (Single Super Phosphate)
33.3,66.5,28.6,Loamy,Papaya,6.3,88.7,69.5,Urea
43.3,82.4,66.6,Clayey,Cotton,114.8,86.5,39.8,No Fertilizer Needed
34.5,78.4,10.5,Black,Pomegranate,82.5,128.6,205.7,No Fertilizer Needed
31.3,74.5,51.9,Loamy,Coffee,115.4,61.0,9.0,MOP (Muriate of Potash)
31.4,51.9,35.9,Clayey,Coconut,136.0,95.9,110.5,No Fertilizer Needed
32.3,85.9,48.1,Red,Pigeonpeas,100.2,1.8,169.4,SSP (Single Super Phosphate)
32.7,70.9,28.8,Black,Wheat,75.5,82.2,216.5,No Fertilizer Needed
16.9,44.5,71.6,Loamy,Pigeonpeas,5.4,144.8,86.1,Urea
35.3,86.0,23.4,Clayey,Lentil,14.2,6.5,166.2,DAP (Diammonium Phosphate)
10.5,31.7,48.9,Clayey,Pomegranate,120.3,9.1,157.7,SSP (Single Super Phosphate)
35.3,58.1,10.1,Loamy,Chickpea,98.6,149.3,30.4,Balanced NPK 10-10-10
10.5,31.7,74.5,Red,Coffee,4.7,22.4,187.5,DAP (Diammonium Phosphate)
36.2,44.4,89.0,Black,Cotton,61.0,125.9,95.1,No Fertilizer Needed
40.4,74.4,83.4,Clayey,Cotton,51.3,63.2,212.9,Balanced NPK 10-10-10
26.7,38.3,35.6,Clayey,Sugarcane,0.9,54.6,141.0,Urea
30.7,72.6,71.7,Sandy,Banana,1.6,42.4,144.0,Urea
28.7,30.8,37.3,Red,Pomegranate,87.1,36.3,70.0,SSP (Single Super Phosphate)
28.8,40.5,20.3,Red,Jute,4.9,17.2,66.8,DAP (Diammonium Phosphate)
31.5,79.4,63.5,Loamy,Wheat,52.0,57.5,149.2,Balanced NPK 10-10-10
16.7,90.0,23.7,Red,Mango,132.3,81.3,115.7,No Fertilizer Needed
42.4,55.4,26.6,Black,Wheat,60.3,44.8,105.2,Balanced NPK 10-10-10
19.7,84.1,52.9,Red,Apple,120.9,108.6,116.2,No Fertilizer Needed
30.2,49.6,21.8,Red,Orange,126.9,125.0,98.0,No Fertilizer Needed
37.8,20.7,11.3,Black,Apple,30.2,78.0,33.7,Urea
38.9,77.9,54.4,Black,Coconut,85.7,39.2,56.8,SSP (Single Super Phosphate)
31.3,89.8,69.7,Loamy,Groundnut,91.7,80.2,6.7,MOP (Muriate of Potash)
31.0,61.4,53.6,Sandy,Jute,87.4,23.8,28.7,SSP (Single Super Phosphate)
43.9,53.4,87.6,Red,Papaya,8.4,60.9,194.7,Urea
37.7,84.3,89.8,Loamy,Orange,109.4,86.5,92.7,No Fertilizer Needed
15.3,92.2,17.1,Red,Papaya,137.0,76.6,53.5,No Fertilizer Needed
25.9,96.9,79.5,Red,Sugarcane,97.1,68.5,22.8,MOP (Muriate of Potash)
42.9,27.3,89.3,Sandy,Mothbeans,70.4,53.6,79.9,Balanced NPK 10-10-10
20.1,48.5,87.1,Black,Orange,144.1,50.5,52.9,No Fertilizer Needed
31.8,50.5,10.1,Black,Pigeonpeas,6.8,49.5,68.3,Urea
24.3,37.0,28.2,Loamy,Orange,27.6,47.0,25.9,MOP (Muriate of Potash)
30.4,39.8,81.8,Red,Cotton,149.7,143.0,143.1,No Fertilizer Needed
32.9,62.5,23.0,Sandy,Rice,114.2,137.1,200.7,No Fertilizer Needed
43.6,29.0,66.6,Black,Chickpea,68.2,40.4,70.4,Balanced NPK 10-10-10
29.8,33.1,71.0,Loamy,Blackgram,55.8,22.3,146.3,SSP (Single Super Phosphate)
18.5,65.2,67.7,Loamy,Orange,4.4,26.7,163.2,DAP (Diammonium Phosphate)
42.8,97.4,49.6,Clayey,Mungbean,121.0,29.3,21.1,SSP (Single Super Phosphate)
41.8,36.0,82.3,Clayey,Mungbean,13.0,13.5,193.4,DAP (Diammonium Phosphate)
35.2,80.1,61.6,Loamy,Banana,119.4,85.4,212.4,No Fertilizer Needed
30.7,31.3,85.1,Clayey,Groundnut,117.5,111.3,40.4,No Fertilizer Needed
36.7,52.7,48.9,Sandy,Groundnut,67.3,138.5,112.4,No Fertilizer Needed
29.9,27.4,15.2,Clayey,Coffee,52.0,34.8,84.4,SSP (Single Super Phosphate)
26.4,97.7,45.4,Black,Mango,33.5,106.3,166.9,Urea
38.5,80.4,88.3,Black,Pomegranate,123.6,39.9,139.3,SSP (Single Super Phosphate)
42.0,59.2,21.4,Clayey,Mango,85.1,104.5,98.3,No Fertilizer Needed
17.7,87.1,57.0,Sandy,Pigeonpeas,4.0,91.0,206.6,Urea
13.8,74.5,51.8,Sandy,Rice,32.7,69.2,6.4,MOP (Muriate of Potash)
22.1,60.0,82.6,Clayey,Banana,128.6,104.9,42.3,No Fertilizer Needed
32.5,20.2,50.6,Loamy,Apple,95.5,29.0,144.7,SSP (Single Super Phosphate)
44.5,47.5,58.7,Black,Groundnut,69.0,79.1,185.1,Balanced NPK 10-10-10
20.1,22.0,74.7,Red,Maize,35.9,141.8,161.7,Urea
42.6,25.0,84.2,Black,Mango,105.0,122.3,179.0,No Fertilizer Needed
43.4,76.8,28.7,Clayey,Mango,72.8,126.6,165.5,No Fertilizer Needed
12.3,97.5,10.4,Red,Orange,129.9,116.2,69.3,No Fertilizer Needed
34.8,83.7,88.3,Black,Groundnut,70.7,124.1,12.5,MOP (Muriate of Potash)
36.7,74.9,81.2,Clayey,Apple,145.7,124.8,137.4,No Fertilizer Needed
40.6,79.0,16.4,Clayey,Apple,45.8,32.5,171.6,SSP (Single Super Phosphate)
29.2,59.3,48.4,Sandy,Cotton,8.0,89.7,60.9,Urea
11.5,24.5,54.7,Loamy,Lentil,72.1,23.9,202.3,SSP (Single Super Phosphate)
16.9,52.3,14.2,Loamy,Wheat,55.8,39.5,155.5,SSP (Single Super Phosphate)
21.5,52.3,10.3,Loamy,Coconut,23.5,50.5,99.5,Urea
43.3,57.5,28.2,Red,Pigeonpeas,47.9,98.7,129.7,No Fertilizer Needed
38.9,56.8,10.4,Clayey,Chickpea,86.5,61.0,83.1,Balanced NPK 10-10-10
39.0,62.7,23.7,Loamy,Banana,132.4,32.7,79.0,SSP (Single Super Phosphate)
14.8,57.6,76.4,Sandy,Orange,92.6,126.7,121.1,No Fertilizer Needed
30.6,50.9,31.8,Red,Mothbeans,47.2,33.1,43.8,SSP (Single Super Phosphate)
21.1,38.3,21.8,Black,Maize,90.1,121.4,179.1,No Fertilizer Needed
33.4,54.8,12.4,Loamy,Sugarcane,104.5,118.7,102.0,No Fertilizer Needed
38.3,66.4,23.1,Red,Wheat,137.9,105.8,95.6,No Fertilizer Needed
21.4,41.8,80.5,Black,Coconut,148.0,72.9,204.3,No Fertilizer Needed
40.4,52.1,24.8,Red,Groundnut,98.5,86.4,60.4,Balanced NPK 10-10-10
16.3,36.8,42.2,Loamy,Papaya,124.7,79.0,32.4,No Fertilizer Needed
27.1,91.8,86.8,Black,Coconut,122.1,84.4,14.6,MOP (Muriate of Potash)
36.9,26.1,24.9,Loamy,Maize,72.8,94.1,99.3,No Fertilizer Needed
14.7,88.2,63.7,Clayey,Blackgram,126.0,64.6,163.9,No Fertilizer Needed
32.5,45.7,42.6,Clayey,Cotton,147.2,72.6,26.1,MOP (Muriate of Potash)
12.2,80.7,32.6,Black,Mothbeans,129.7,107.7,31.0,No Fertilizer Needed
19.0,46.5,11.8,Loamy,Grapes,133.6,64.0,217.9,No Fertilizer Needed
37.5,79.0,32.8,Black,Rice,128.7,25.8,206.2,SSP (Single Super Phosphate)
11.6,39.5,61.0,Clayey,Chickpea,96.5,133.9,184.6,No Fertilizer Needed
44.0,92.8,24.0,Red,Lentil,51.3,106.4,59.3,Balanced NPK 10-10-10
15.2,49.6,39.2,Loamy,Coconut,88.2,63.3,96.7,Balanced NPK 10-10-10
13.4,79.5,63.2,Red,Banana,28.7,46.8,9.0,MOP (Muriate of Potash)
21.5,31.7,85.6,Red,Coffee,113.8,7.3,47.6,SSP (Single Super Phosphate)
39.3,59.6,59.2,Loamy,Jute,76.7,66.2,219.6,Balanced NPK 10-10-10
34.3,94.1,65.9,Black,Mango,29.0,96.8,193.8,Urea
14.2,34.5,19.8,Black,Wheat,35.9,116.5,129.5,Urea
13.4,52.2,83.6,Clayey,Mothbeans,116.9,19.3,45.0,SSP (Single Super Phosphate)
44.0,54.3,68.9,Black,Chickpea,23.9,97.0,48.4,Urea
17.2,28.0,83.4,Clayey,Chickpea,119.0,90.6,36.3,No Fertilizer Needed
12.6,41.1,31.0,Sandy,Pomegranate,71.7,29.5,205.1,SSP (Single Super Phosphate)
15.3,42.9,15.7,Red,Coffee,98.1,85.9,204.0,No Fertilizer Needed
30.0,97.5,42.1,Clayey,Grapes,125.3,5.4,60.6,SSP (Single Super Phosphate)
19.1,73.3,11.6,Red,Blackgram,114.5,82.7,186.3,No Fertilizer Needed
13.9,55.4,53.3,Red,Rice,48.5,146.2,197.9,No Fertilizer Needed
32.6,73.3,11.8,Red,Pomegranate,76.4,31.7,87.2,SSP (Single Super Phosphate)
21.1,98.3,52.4,Loamy,Papaya,99.7,9.2,21.5,SSP (Single Super Phosphate)
40.2,25.4,51.6,Red,Chickpea,27.3,129.8,143.0,Urea
44.2,41.0,80.5,Red,Pigeonpeas,131.1,49.2,86.2,No Fertilizer Needed
11.5,78.5,81.0,Sandy,Mungbean,59.4,65.1,1.8,MOP (Muriate of Potash)
37.4,67.4,33.8,Red,Apple,19.8,18.4,62.8,DAP (Diammonium Phosphate)
15.0,29.6,39.5,Clayey,Papaya,141.0,123.3,202.3,No Fertilizer Needed
32.5,24.8,48.6,Clayey,Banana,55.7,117.1,184.8,No Fertilizer Needed
28.1,75.5,69.4,Sandy,Jute,60.0,22.6,152.5,SSP (Single Super Phosphate)
17.8,31.6,73.6,Clayey,Banana,67.8,35.9,167.8,SSP (Single Super Phosphate)
32.7,52.4,18.5,Sandy,Papaya,37.8,10.4,2.7,NPK 20-20-20
26.4,71.8,31.3,Red,Orange,30.9,133.6,203.4,Urea
37.9,40.0,55.7,Sandy,Wheat,7.4,99.3,91.8,Urea
31.0,58.8,51.1,Clayey,Chickpea,109.9,127.4,161.2,No Fertilizer Needed
34.6,62.1,20.6,Black,Sugarcane,8.8,113.1,184.8,Urea
34.8,42.6,75.4,Clayey,Groundnut,71.7,47.5,125.0,Balanced NPK 10-10-10
41.1,29.8,28.5,Black,Banana,16.9,112.5,94.1,Urea
31.7,45.1,29.0,Loamy,Chickpea,49.3,97.3,102.9,No Fertilizer Needed
11.6,53.3,30.1,Sandy,Papaya,27.9,77.4,66.1,Urea
31.1,89.4,39.0,Sandy,Mango,93.4,69.4,109.0,Balanced NPK 10-10-10
17.6,30.8,35.5,Loamy,Pomegranate,143.1,122.2,14.6,MOP (Muriate of Potash)
14.8,59.7,22.0,Loamy,Lentil,13.9,143.3,141.6,Urea
29.7,35.1,69.6,Red,Papaya,36.1,122.4,138.2,Urea
30.3,26.6,46.1,Loamy,Lentil,7.5,111.4,150.8,Urea
40.2,85.8,62.5,Loamy,Maize,96.3,97.8,0.5,MOP (Muriate of Potash)
40.1,76.5,28.2,Loamy,Groundnut,134.5,87.3,41.4,No Fertilizer Needed
21.5,57.7,35.7,Loamy,Maize,30.1,71.0,81.5,Urea
15.0,65.0,56.0,Sandy,Orange,60.4,1.6,158.3,SSP (Single Super Phosphate)
32.5,57.4,32.0,Sandy,Orange,86.9,50.8,124.3,Balanced NPK 10-10-10
27.8,97.8,47.6,Sandy,Wheat,33.8,34.0,93.9,DAP (Diammonium Phosphate)
18.8,93.1,26.4,Black,Lentil,52.8,34.7,40.0,SSP (Single Super Phosphate)
43.2,57.7,32.8,Black,Coconut,5.9,70.1,22.8,MOP (Muriate of Potash)
42.0,57.1,38.3,Red,Pomegranate,91.4,79.0,65.7,Balanced NPK 10-10-10
17.0,62.7,84.0,Clayey,Coffee,78.7,56.2,117.1,Balanced NPK 10-10-10
15.3,46.2,88.1,Clayey,Groundnut,40.8,71.1,208.2,Balanced NPK 10-10-10
36.3,39.7,33.6,Black,Apple,42.7,73.5,189.2,Balanced NPK 10-10-10
20.9,41.5,33.7,Clayey,Groundnut,14.1,81.6,142.7,Urea
11.3,32.1,58.3,Clayey,Groundnut,145.6,110.5,108.0,No Fertilizer Needed
28.4,26.7,60.9,Loamy,Orange,5.9,70.8,157.5,Urea
31.0,39.0,67.8,Sandy,Pigeonpeas,133.0,91.7,96.9,No Fertilizer Needed
12.9,69.4,68.7,Sandy,Rice,51.2,8.3,67.5,SSP (Single Super Phosphate)
30.3,76.2,88.4,Red,Coffee,125.0,126.6,26.2,MOP (Muriate of Potash)
36.9,56.8,39.7,Red,Mothbeans,91.2,50.8,151.5,Balanced NPK 10-10-10
30.4,60.4,14.8,Clayey,Papaya,106.9,12.3,22.7,SSP (Single Super Phosphate)
37.4,76.7,70.6,Black,Maize,71.2,16.7,130.8,SSP (Single Super Phosphate)
30.8,25.8,67.7,Sandy,Pomegranate,144.0,101.3,114.8,No Fertilizer Needed
31.3,73.5,68.2,Clayey,Coconut,37.5,101.6,197.4,Urea
38.6,47.0,11.9,Sandy,Mango,99.7,20.8,82.5,SSP (Single Super Phosphate)
28.8,99.3,33.8,Sandy,Cotton,80.7,130.5,119.6,No Fertilizer Needed
43.1,28.2,41.4,Black,Orange,39.1,142.7,157.5,Urea
14.7,43.4,54.4,Loamy,Coconut,3.6,34.5,134.4,DAP (Diammonium Phosphate)
44.7,74.8,59.9,Clayey,Jute,124.6,20.1,184.5,SSP (Single Super Phosphate)
10.2,34.0,29.8,Red,Cotton,109.3,42.0,67.1,No Fertilizer Needed
36.3,78.8,61.4,Clayey,Mungbean,56.9,10.0,128.6,SSP (Single Super Phosphate)
27.6,66.3,88.5,Loamy,Coconut,33.0,71.1,99.1,Urea
11.6,93.6,27.2,Loamy,Jute,19.1,135.5,128.3,Urea
34.0,38.5,64.5,Red,Groundnut,12.5,5.6,157.9,DAP (Diammonium Phosphate)
40.4,59.7,68.8,Red,Apple,63.7,71.8,64.4,Balanced NPK 10-10-10
33.4,71.6,28.4,Clayey,Mothbeans,134.9,100.1,29.0,MOP (Muriate of Potash)
25.9,74.7,89.0,Loamy,Rice,89.1,60.5,65.0,Balanced NPK 10-10-10
22.3,91.5,62.7,Loamy,Coconut,51.6,107.9,212.6,No Fertilizer Needed
24.9,31.7,27.8,Sandy,Coffee,30.0,63.5,97.8,Urea
15.1,31.9,47.2,Red,Grapes,34.1,13.0,113.3,DAP (Diammonium Phosphate)
23.1,41.8,88.8,Red,Mungbean,135.5,78.5,136.7,No Fertilizer Needed
23.2,20.2,28.6,Sandy,Sugarcane,27.0,49.0,167.0,Urea
41.3,64.7,54.8,Loamy,Maize,126.8,123.5,121.8,No Fertilizer Needed
10.6,31.1,71.6,Sandy,Lentil,82.6,40.0,141.7,Balanced NPK 10-10-10
11.9,68.6,62.8,Clayey,Grapes,140.9,46.9,63.6,No Fertilizer Needed
30.6,31.7,67.6,Loamy,Grapes,7.3,93.9,96.6,Urea
10.9,27.6,25.3,Clayey,Mango,119.4,107.9,123.1,No Fertilizer Needed
36.0,62.5,50.0,Sandy,Mothbeans,34.4,60.2,16.6,MOP (Muriate of Potash)
26.1,72.7,35.6,Black,Apple,63.0,3.2,116.4,SSP (Single Super Phosphate)
37.0,20.7,38.8,Loamy,Mango,16.2,143.4,12.4,MOP (Muriate of Potash)
14.5,45.8,36.2,Sandy,Papaya,22.4,46.6,164.5,Urea
36.2,60.9,82.9,Sandy,Grapes,142.5,25.9,16.8,SSP (Single Super Phosphate)
31.5,44.2,71.4,Black,Papaya,92.5,133.2,89.6,No Fertilizer Needed
28.0,49.7,43.1,Black,Mothbeans,29.9,13.1,158.2,DAP (Diammonium Phosphate)
39.0,92.9,12.8,Loamy,Papaya,88.6,121.7,162.8,No Fertilizer Needed
30.8,48.4,32.8,Red,Orange,131.4,18.6,178.5,SSP (Single Super Phosphate)
27.8,68.0,55.5,Loamy,Grapes,137.3,11.8,151.8,SSP (Single Super Phosphate)
35.7,91.8,18.8,Sandy,Jute,37.8,53.2,131.6,Urea
37.7,84.5,82.2,Red,Cotton,54.2,0.2,163.9,SSP (Single Super Phosphate)
38.1,95.8,86.2,Loamy,Groundnut,105.6,62.8,50.1,No Fertilizer Needed
35.5,37.4,62.4,Black,Blackgram,112.1,123.5,10.2,MOP (Muriate of Potash)
19.6,69.0,56.1,Sandy,Banana,98.6,147.0,91.6,No Fertilizer Needed
22.0,80.6,61.3,Loamy,Orange,128.3,3.4,177.9,SSP (Single Super Phosphate)
23.9,37.7,15.8,Clayey,Chickpea,82.9,28.4,153.1,SSP (Single Super Phosphate)
18.6,72.1,64.9,Red,Grapes,64.7,135.8,1.8,MOP (Muriate of Potash)
16.0,93.3,12.0,Sandy,Sugarcane,63.7,36.4,91.8,SSP (Single Super Phosphate)
18.5,31.6,45.3,Clayey,Cotton,65.5,27.4,82.3,SSP (Single Super Phosphate)
13.5,24.0,47.9,Sandy,Papaya,53.0,12.1,153.7,SSP (Single Super Phosphate)
18.3,84.3,47.4,Loamy,Rice,55.6,45.0,23.4,MOP (Muriate of Potash)
11.3,87.8,34.8,Clayey,Wheat,92.1,79.0,58.9,Balanced NPK 10-10-10
24.3,84.3,54.9,Black,Banana,43.6,23.9,194.4,SSP (Single Super Phosphate)
44.0,50.9,81.0,Loamy,Orange,145.0,9.7,139.9,SSP (Single Super Phosphate)
14.1,89.8,69.9,Red,Chickpea,52.7,23.1,57.5,SSP (Single Super Phosphate)
12.9,66.0,55.7,Clayey,Grapes,129.8,20.6,54.9,SSP (Single Super Phosphate)
32.8,83.2,59.5,Red,Groundnut,66.6,114.1,184.6,No Fertilizer Needed
32.7,63.2,65.2,Loamy,Papaya,50.7,8.7,121.6,SSP (Single Super Phosphate)
41.2,58.8,31.4,Red,Mungbean,87.9,133.9,9.0,MOP (Muriate of Potash)
15.6,42.0,49.1,Sandy,Mungbean,126.0,101.6,61.4,No Fertilizer Needed
10.9,36.3,10.8,Clayey,Groundnut,76.0,40.3,217.6,Balanced NPK 10-10-10
39.1,49.9,33.6,Black,Mango,91.5,106.5,20.4,MOP (Muriate of Potash)
12.2,44.6,70.6,Clayey,Sugarcane,124.3,97.0,79.4,No Fertilizer Needed
32.9,53.8,29.7,Loamy,Coffee,36.6,147.5,176.1,Urea
18.6,58.6,16.0,Red,Mothbeans,103.5,28.3,213.1,SSP (Single Super Phosphate)
36.2,40.0,54.6,Loamy,Jute,26.3,135.8,208.0,Urea
12.7,27.1,67.3,Sandy,Coffee,79.3,119.5,195.3,No Fertilizer Needed
22.6,52.4,49.4,Clayey,Cotton,25.3,80.2,103.8,Urea
19.6,71.1,19.9,Black,Coffee,142.7,137.0,68.7,No Fertilizer Needed
39.4,36.9,78.2,Clayey,Mungbean,137.1,76.1,19.5,MOP (Muriate of Potash)
29.5,24.7,34.7,Black,Sugarcane,114.5,16.5,71.9,SSP (Single Super Phosphate)
17.4,21.7,18.4,Black,Apple,44.4,122.6,100.9,No Fertilizer Needed
39.3,92.9,47.7,Loamy,Papaya,143.5,92.0,145.2,No Fertilizer Needed
38.8,63.2,83.4,Loamy,Blackgram,50.3,106.8,158.6,No Fertilizer Needed
14.2,20.5,75.4,Clayey,Orange,77.4,88.0,65.1,Balanced NPK 10-10-10
21.8,92.7,51.7,Loamy,Pigeonpeas,114.5,145.6,72.8,No Fertilizer Needed
36.4,87.6,39.1,Sandy,Orange,86.8,113.8,138.2,No Fertilizer Needed
41.1,79.8,22.3,Loamy,Apple,114.3,132.1,126.8,No Fertilizer Needed
20.6,42.5,52.7,Sandy,Pigeonpeas,149.2,51.0,171.5,No Fertilizer Needed
19.7,56.6,41.7,Red,Maize,68.3,143.4,115.0,No Fertilizer Needed
18.7,93.7,60.4,Clayey,Orange,45.2,78.0,167.2,Balanced NPK 10-10-10
40.8,43.9,67.2,Loamy,Apple,107.6,6.4,72.1,SSP (Single Super Phosphate)
42.3,66.2,65.0,Sandy,Groundnut,79.6,139.4,11.5,MOP (Muriate of Potash)
11.1,95.8,66.0,Clayey,Jute,81.5,54.2,210.4,Balanced NPK 10-10-10
44.4,31.6,28.0,Black,Banana,68.2,46.0,89.6,Balanced NPK 10-10-10
31.9,45.6,81.0,Sandy,Wheat,81.6,37.2,93.3,SSP (Single Super Phosphate)
35.2,36.5,42.6,Red,Blackgram,116.9,40.8,133.0,No Fertilizer Needed
20.2,53.3,43.5,Clayey,Pigeonpeas,63.2,86.5,11.7,MOP (Muriate of Potash)
38.0,94.9,62.8,Black,Maize,6.8,47.8,125.1,Urea
27.2,37.1,31.1,Red,Orange,28.3,84.0,0.3,MOP (Muriate of Potash)
28.3,50.8,16.2,Loamy,Groundnut,82.0,127.2,14.8,MOP (Muriate of Potash)
44.2,70.7,17.7,Red,Blackgram,15.3,60.1,130.4,Urea
10.3,56.6,32.4,Clayey,Coffee,40.4,69.5,161.2,Balanced NPK 10-10-10
20.5,39.8,27.1,Red,Blackgram,19.7,19.6,139.8,DAP (Diammonium Phosphate)
43.1,92.8,34.0,Red,Pomegranate,37.1,64.9,85.6,Urea
12.6,40.1,53.6,Sandy,Apple,129.7,74.0,47.6,No Fertilizer Needed
30.7,85.4,26.3,Red,Papaya,71.9,104.9,12.9,MOP (Muriate of Potash)
29.7,21.6,88.1,Black,Orange,6.2,68.2,185.1,Urea
41.8,56.1,16.6,Sandy,Mango,44.9,81.1,140.6,No Fertilizer Needed
41.4,79.8,89.6,Clayey,Chickpea,87.7,121.0,41.2,Balanced NPK 10-10-10
43.9,59.6,44.0,Black,Chickpea,35.5,116.8,31.5,Urea
16.1,42.3,21.1,Black,Pomegranate,63.5,28.3,167.5,SSP (Single Super Phosphate)
21.7,35.9,76.2,Clayey,Cotton,26.2,70.3,152.7,Urea
35.0,64.1,24.5,Red,Jute,13.6,51.6,35.7,Urea
44.6,72.1,66.9,Loamy,Pigeonpeas,124.7,4.9,174.1,SSP (Single Super Phosphate)
29.3,94.5,66.7,Clayey,Blackgram,105.6,126.7,102.0,No Fertilizer Needed
13.0,24.9,14.7,Sandy,Jute,56.1,33.9,132.9,SSP (Single Super Phosphate)
11.7,42.2,57.1,Loamy,Apple,69.7,73.6,109.1,Balanced NPK 10-10-10
25.2,81.4,34.7,Clayey,Sugarcane,58.0,115.3,118.8,No Fertilizer Needed
31.4,98.1,14.7,Loamy,Apple,9.2,65.6,39.5,Urea
23.9,83.4,32.1,Loamy,Rice,128.3,17.2,12.2,SSP (Single Super Phosphate)
11.8,90.9,62.3,Red,Papaya,129.1,57.2,128.2,No Fertilizer Needed
41.4,50.9,32.0,Loamy,Cotton,143.8,135.6,4.2,MOP (Muriate of Potash)
44.3,61.6,26.0,Sandy,Maize,33.0,21.1,189.8,DAP (Diammonium Phosphate)
10.6,28.5,58.6,Black,Sugarcane,21.2,24.2,156.7,DAP (Diammonium Phosphate)
23.7,74.3,18.1,Clayey,Grapes,0.1,6.9,75.9,DAP (Diammonium Phosphate)
18.6,72.1,78.9,Red,Coconut,55.0,143.3,99.1,No Fertilizer Needed
30.1,31.3,16.7,Red,Sugarcane,120.6,7.6,119.5,SSP (Single Super Phosphate)
25.1,20.5,14.2,Clayey,Papaya,15.0,144.9,56.0,Urea
27.1,69.9,60.1,Black,Rice,96.7,53.4,45.2,Balanced NPK 10-10-10
19.0,55.0,10.1,Loamy,Pomegranate,107.9,106.1,166.3,No Fertilizer Needed
36.8,22.1,55.7,Loamy,Blackgram,133.6,63.9,98.7,No Fertilizer Needed
43.8,95.9,55.5,Red,Jute,19.3,57.6,87.6,Urea
43.5,23.7,57.0,Black,Grapes,60.0,99.2,74.3,Balanced NPK 10-10-10
18.1,73.2,51.5,Clayey,Orange,127.4,63.4,61.4,No Fertilizer Needed
44.7,64.4,18.8,Black,Apple,131.6,20.2,60.0,SSP (Single Super Phosphate)
23.2,75.0,48.5,Clayey,Jute,119.2,2.8,44.0,SSP (Single Super Phosphate)
39.9,29.8,47.8,Clayey,Mango,75.8,121.3,173.2,No Fertilizer Needed
35.9,71.1,21.5,Loamy,Rice,88.9,148.3,12.9,MOP (Muriate of Potash)
43.8,63.3,32.1,Clayey,Apple,141.6,4.4,54.5,SSP (Single Super Phosphate)
37.5,59.7,40.3,Red,Sugarcane,10.5,51.5,153.4,Urea
15.7,65.4,18.7,Sandy,Coffee,147.7,138.8,82.3,No Fertilizer Needed
19.4,41.6,22.9,Clayey,Wheat,34.6,18.9,212.5,DAP (Diammonium Phosphate)
41.0,31.3,39.6,Clayey,Jute,100.7,132.3,175.4,No Fertilizer Needed
31.0,56.3,49.9,Loamy,Papaya,59.3,50.8,181.0,Balanced NPK 10-10-10
36.2,49.2,74.8,Loamy,Blackgram,14.7,135.6,34.3,Urea
10.2,39.8,45.5,Black,Sugarcane,144.5,135.7,116.5,No Fertilizer Needed
43.8,70.7,34.7,Red,Chickpea,38.2,33.5,59.5,DAP (Diammonium Phosphate)
22.2,85.2,49.4,Black,Blackgram,64.6,20.0,212.7,SSP (Single Super Phosphate)
16.4,86.3,22.6,Loamy,Wheat,55.6,132.8,65.3,Balanced NPK 10-10-10
43.1,59.9,79.4,Red,Sugarcane,76.7,104.1,53.1,Balanced NPK 10-10-10
24.2,43.9,21.6,Sandy,Rice,13.4,8.2,25.4,NPK 20-20-20
39.6,76.5,63.7,Red,Wheat,44.5,10.9,66.4,SSP (Single Super Phosphate)
23.0,49.8,17.0,Black,Coconut,45.8,11.8,136.5,SSP (Single Super Phosphate)
43.1,30.0,67.0,Black,Mungbean,13.6,1.9,122.4,DAP (Diammonium Phosphate)
31.3,36.4,46.9,Sandy,Groundnut,15.5,38.3,214.9,DAP (Diammonium Phosphate)
40.2,89.4,38.1,Sandy,Chickpea,143.0,20.9,210.6,SSP (Single Super Phosphate)
40.3,50.1,37.6,Clayey,Jute,54.2,77.8,195.2,Balanced NPK 10-10-10
20.2,88.0,69.2,Sandy,Grapes,102.4,73.1,97.3,No Fertilizer Needed
31.9,79.9,43.1,Black,Apple,129.7,113.9,88.9,No Fertilizer Needed
32.1,30.5,32.2,Loamy,Rice,64.8,34.6,210.9,SSP (Single Super Phosphate)
37.8,57.5,83.6,Sandy,Cotton,129.8,126.7,209.0,No Fertilizer Needed
30.8,35.2,56.6,Red,Rice,128.8,129.6,116.3,No Fertilizer Needed
16.3,80.3,44.4,Clayey,Mungbean,51.1,23.6,181.7,SSP (Single Super Phosphate)
29.9,98.1,72.1,Sandy,Mungbean,135.9,60.1,201.4,No Fertilizer Needed
25.7,37.6,19.9,Red,Banana,71.5,126.3,198.5,No Fertilizer Needed
11.8,57.4,28.4,Clayey,Groundnut,57.6,73.6,40.9,Balanced NPK 10-10-10
43.2,81.8,62.3,Black,Sugarcane,72.8,47.3,188.5,Balanced NPK 10-10-10
15.2,70.7,15.1,Clayey,Apple,29.4,18.5,160.8,DAP (Diammonium Phosphate)
42.6,84.7,24.3,Loamy,Jute,98.8,16.8,31.0,SSP (Single Super Phosphate)
26.7,56.1,74.4,Clayey,Mango,62.8,53.8,66.1,Balanced NPK 10-10-10
23.2,56.3,20.4,Loamy,Apple,62.5,1.3,142.4,SSP (Single Super Phosphate)
37.6,82.3,32.3,Sandy,Coconut,113.1,105.0,179.3,No Fertilizer Needed
43.8,49.1,78.4,Red,Lentil,69.3,90.9,172.2,No Fertilizer Needed
17.9,32.1,18.3,Clayey,Mothbeans,43.7,5.4,138.4,SSP (Single Super Phosphate)
34.0,69.9,55.4,Red,Coffee,3.7,101.9,113.4,Urea
16.9,46.1,28.4,Clayey,Groundnut,91.2,109.6,28.1,MOP (Muriate of Potash)
34.7,91.8,47.4,Black,Banana,74.2,28.9,118.6,SSP (Single Super Phosphate)
21.8,89.8,83.8,Loamy,Coffee,63.3,50.8,98.7,Balanced NPK 10-10-10
31.9,63.6,88.0,Red,Maize,36.3,92.8,154.9,Urea
39.2,70.8,67.8,Loamy,Maize,55.7,7.4,85.7,SSP (Single Super Phosphate)
36.9,37.4,41.8,Sandy,Pomegranate,34.0,86.0,174.2,Urea
14.9,92.0,21.9,Red,Papaya,110.1,98.8,215.1,No Fertilizer Needed
27.7,70.8,80.7,Clayey,Apple,122.2,61.1,164.3,No Fertilizer Needed
16.7,77.9,14.9,Red,Wheat,96.9,73.2,188.7,Balanced NPK 10-10-10
11.3,71.0,34.1,Sandy,Blackgram,10.8,83.1,212.1,Urea
30.6,73.2,45.8,Sandy,Pigeonpeas,57.3,138.3,106.0,No Fertilizer Needed
31.9,82.2,46.8,Red,Lentil,136.2,97.2,213.5,No Fertilizer Needed
27.0,85.3,53.9,Sandy,Maize,139.7,57.2,98.4,No Fertilizer Needed
24.9,50.8,71.7,Black,Banana,60.4,135.8,37.5,Balanced NPK 10-10-10
33.1,39.6,14.3,Loamy,Blackgram,84.2,76.9,170.7,Balanced NPK 10-10-10
38.9,47.6,73.4,Loamy,Papaya,38.0,29.6,150.1,DAP (Diammonium Phosphate)
10.5,74.6,69.6,Sandy,Pigeonpeas,146.3,115.3,0.3,MOP (Muriate of Potash)
25.4,26.6,12.1,Loamy,Lentil,87.6,12.8,57.4,SSP (Single Super Phosphate)
37.0,69.7,47.4,Red,Orange,15.1,98.1,58.6,Urea
42.1,97.7,54.3,Red,Mango,105.9,101.6,214.2,No Fertilizer Needed
15.8,67.5,39.9,Clayey,Blackgram,31.7,104.0,5.0,MOP (Muriate of Potash)
11.3,76.5,45.5,Red,Pigeonpeas,112.9,64.3,74.2,No Fertilizer Needed
22.8,24.6,52.5,Loamy,Coconut,142.1,146.1,41.1,No Fertilizer Needed
15.1,82.9,10.9,Black,Papaya,67.6,67.3,140.8,Balanced NPK 10-10-10
10.9,66.9,72.8,Red,Coffee,47.1,112.4,168.6,No Fertilizer Needed
14.9,81.1,52.5,Black,Blackgram,0.2,100.9,122.3,Urea
17.6,29.5,26.3,Clayey,Pomegranate,130.6,109.7,124.1,No Fertilizer Needed
28.5,80.9,64.5,Black,Papaya,40.1,74.4,212.4,Balanced NPK 10-10-10
24.7,84.0,51.4,Red,Groundnut,38.3,54.6,68.5,Urea
22.1,70.6,38.5,Black,Mungbean,106.4,58.3,160.0,No Fertilizer Needed
38.8,92.1,38.9,Loamy,Grapes,37.6,26.4,157.6,DAP (Diammonium Phosphate)
37.2,36.9,33.3,Black,Maize,42.2,60.7,24.9,MOP (Muriate of Potash)
41.4,60.4,43.1,Red,Banana,13.7,37.8,53.3,DAP (Diammonium Phosphate)
24.1,62.2,36.7,Red,Wheat,4.8,114.1,6.4,MOP (Muriate of Potash)
42.3,90.8,17.1,Loamy,Apple,60.1,85.9,130.5,No Fertilizer Needed
28.7,85.8,34.6,Black,Jute,13.6,110.6,202.9,Urea
22.1,91.0,49.8,Black,Sugarcane,144.1,58.7,7.4,MOP (Muriate of Potash)
31.9,88.1,40.4,Loamy,Sugarcane,21.5,65.6,131.9,Urea
18.1,83.5,20.1,Loamy,Banana,91.3,2.4,136.6,SSP (Single Super Phosphate)
36.7,24.2,57.0,Sandy,Jute,86.1,111.7,53.3,Balanced NPK 10-10-10
19.8,36.9,20.5,Clayey,Cotton,37.8,41.6,107.2,Urea
41.4,43.5,45.9,Sandy,Lentil,123.8,146.8,146.3,No Fertilizer Needed
12.1,71.8,54.9,Sandy,Chickpea,20.7,124.3,152.8,Urea
11.6,20.8,67.2,Sandy,Pigeonpeas,113.0,127.0,4.8,MOP (Muriate of Potash)
19.2,65.3,38.2,Red,Rice,126.1,41.0,124.1,No Fertilizer Needed
38.0,82.7,30.5,Black,Grapes,17.5,86.8,165.8,Urea
21.2,56.0,50.5,Black,Mango,1.1,62.8,78.4,Urea
15.7,40.2,27.4,Sandy,Banana,2.6,103.5,10.0,MOP (Muriate of Potash)
43.2,99.5,81.1,Clayey,Chickpea,48.8,93.6,182.3,No Fertilizer Needed
28.2,70.9,72.8,Black,Lentil,43.5,65.0,12.6,MOP (Muriate of Potash)
26.4,33.5,18.3,Black,Pigeonpeas,79.2,27.8,32.3,SSP (Single Super Phosphate)
11.7,37.7,32.8,Black,Coconut,81.7,4.9,69.5,SSP (Single Super Phosphate)
35.1,51.2,38.8,Loamy,Cotton,31.1,102.6,180.7,Urea
19.9,68.2,38.2,Red,Papaya,93.5,10.6,151.8,SSP (Single Super Phosphate)
17.8,29.1,80.6,Clayey,Pigeonpeas,95.1,143.1,59.6,Balanced NPK 10-10-10
38.4,76.8,23.2,Loamy,Lentil,33.3,47.5,140.4,Urea
20.0,26.1,51.7,Clayey,Blackgram,27.1,103.0,69.7,Urea
10.1,52.2,77.5,Loamy,Blackgram,14.8,147.3,42.3,Urea
12.1,34.4,47.0,Loamy,Rice,120.5,41.3,174.9,No Fertilizer Needed
35.7,21.7,34.1,Loamy,Sugarcane,116.5,64.6,58.0,No Fertilizer Needed
25.6,93.8,33.1,Sandy,Sugarcane,22.8,20.7,48.9,DAP (Diammonium Phosphate)
23.1,57.9,23.6,Sandy,Mango,17.5,97.0,21.8,MOP (Muriate of Potash)
20.4,80.1,82.1,Clayey,Papaya,41.5,140.7,170.8,No Fertilizer Needed
37.1,64.6,55.7,Loamy,Blackgram,62.0,45.6,166.2,Balanced NPK 10-10-10
12.4,87.8,79.0,Loamy,Maize,118.1,145.5,203.2,No Fertilizer Needed
22.0,68.4,26.0,Black,Lentil,113.1,5.2,166.4,SSP (Single Super Phosphate)
25.7,73.7,54.2,Red,Papaya,130.9,107.2,138.1,No Fertilizer Needed
41.2,99.5,77.3,Black,Papaya,78.9,46.5,118.1,Balanced NPK 10-10-10
42.9,89.2,82.1,Clayey,Maize,22.1,13.9,108.3,DAP (Diammonium Phosphate)
27.8,25.8,73.7,Loamy,Mothbeans,108.7,32.5,41.9,SSP (Single Super Phosphate)
42.1,94.1,20.9,Clayey,Coffee,145.0,35.3,0.9,SSP (Single Super Phosphate)
41.2,63.0,58.7,Red,Banana,28.1,137.5,132.5,Urea
32.0,70.3,43.0,Black,Mango,101.4,141.6,102.6,No Fertilizer Needed
28.6,30.6,64.7,Black,Maize,50.6,118.0,91.3,No Fertilizer Needed
40.4,67.9,74.8,Loamy,Grapes,104.7,13.7,84.3,SSP (Single Super Phosphate)
19.2,61.0,44.4,Black,Jute,91.4,64.2,1.1,MOP (Muriate of Potash)
36.6,93.5,11.3,Black,Groundnut,119.9,28.1,176.8,SSP (Single Super Phosphate)
35.7,89.2,26.8,Loamy,Rice,83.3,135.7,20.1,MOP (Muriate of Potash)
19.2,71.2,72.1,Red,Jute,118.1,136.5,170.2,No Fertilizer Needed
32.4,50.2,90.0,Clayey,Grapes,119.2,11.1,184.7,SSP (Single Super Phosphate)
38.5,84.3,59.3,Black,Apple,85.2,111.7,182.8,No Fertilizer Needed
14.8,49.3,57.5,Sandy,Coconut,57.3,116.9,152.7,No Fertilizer Needed
30.4,77.9,17.1,Sandy,Coconut,101.8,64.3,31.3,No Fertilizer Needed
33.5,88.7,76.7,Clayey,Sugarcane,108.1,110.0,90.6,No Fertilizer Needed
39.4,98.5,62.7,Clayey,Maize,123.8,105.6,4.1,MOP (Muriate of Potash)
34.8,92.8,34.2,Clayey,Pomegranate,74.0,105.9,197.9,No Fertilizer Needed
23.0,76.5,47.8,Clayey,Coffee,32.2,48.2,189.7,Urea
42.3,68.8,85.6,Black,Grapes,83.3,64.5,177.4,Balanced NPK 10-10-10
33.0,63.4,86.7,Red,Coconut,74.3,59.7,197.5,Balanced NPK 10-10-10
27.4,45.5,23.6,Black,Pigeonpeas,62.1,40.2,99.5,Balanced NPK 10-10-10
40.4,76.6,46.8,Clayey,Apple,138.1,128.9,32.4,No Fertilizer Needed
39.4,41.8,55.2,Loamy,Groundnut,8.5,103.5,151.7,Urea
31.5,55.9,14.4,Sandy,Lentil,17.3,75.4,107.6,Urea
11.2,92.0,36.3,Black,Orange,65.3,144.4,57.1,Balanced NPK 10-10-10
36.1,24.6,29.2,Clayey,Pigeonpeas,92.8,75.5,86.9,Balanced NPK 10-10-10
35.5,44.8,86.9,Sandy,Mothbeans,135.5,52.4,163.4,No Fertilizer Needed
17.3,38.8,23.6,Clayey,Chickpea,95.1,124.4,43.6,Balanced NPK 10-10-10
16.8,64.0,52.5,Red,Coconut,15.2,106.5,108.5,Urea
21.0,92.6,43.2,Black,Groundnut,48.1,129.0,206.0,No Fertilizer Needed
23.8,68.7,61.2,Black,Coconut,96.7,124.3,85.8,No Fertilizer Needed
22.6,38.4,52.6,Clayey,Orange,6.9,110.7,31.1,Urea
40.9,49.8,33.1,Clayey,Apple,24.7,116.9,34.7,Urea
29.4,74.6,13.5,Loamy,Coconut,87.2,90.6,28.6,MOP (Muriate of Potash)
38.5,38.1,59.3,Clayey,Mothbeans,22.3,22.6,152.5,DAP (Diammonium Phosphate)
24.4,47.0,38.0,Black,Chickpea,93.9,79.4,18.3,MOP (Muriate of Potash)
35.3,28.6,30.4,Red,Grapes,128.9,21.7,38.7,SSP (Single Super Phosphate)
36.7,74.6,60.6,Clayey,Lentil,1.7,29.6,51.3,DAP (Diammonium Phosphate)
34.0,75.2,62.1,Red,Coffee,56.5,88.1,199.6,No Fertilizer Needed
44.7,22.8,86.5,Loamy,Pomegranate,92.5,27.2,127.1,SSP (Single Super Phosphate)
20.1,52.5,41.2,Sandy,Mothbeans,127.2,101.2,138.0,No Fertilizer Needed
28.7,28.2,85.2,Sandy,Orange,53.4,110.7,121.6,No Fertilizer Needed
23.8,23.9,72.7,Loamy,Coffee,15.8,136.0,72.2,Urea
24.0,97.3,12.6,Black,Chickpea,24.9,114.1,198.0,Urea
33.2,32.8,15.3,Sandy,Mango,53.4,110.4,114.7,No Fertilizer Needed
34.3,88.8,62.7,Clayey,Mungbean,119.6,62.8,88.5,No Fertilizer Needed
11.9,34.6,36.9,Loamy,Rice,49.4,145.4,142.8,No Fertilizer Needed
30.9,86.1,41.0,Loamy,Pigeonpeas,49.4,75.4,72.5,Balanced NPK 10-10-10
36.3,63.5,47.2,Clayey,Chickpea,14.8,95.1,31.8,Urea
11.8,35.4,40.6,Red,Cotton,62.9,16.2,182.3,SSP (Single Super Phosphate)
13.7,54.1,25.8,Clayey,Mango,134.5,138.3,186.0,No Fertilizer Needed
18.9,68.1,27.2,Red,Coconut,112.3,97.7,57.5,No Fertilizer Needed
38.4,76.5,77.1,Black,Cotton,0.2,132.0,48.1,Urea
17.6,69.7,25.4,Red,Papaya,60.1,9.7,193.0,SSP (Single Super Phosphate)
21.5,54.5,70.7,Black,Chickpea,147.1,89.6,202.6,No Fertilizer Needed
36.2,49.7,72.1,Clayey,Coconut,36.4,100.9,132.3,Urea
16.4,52.5,62.5,Sandy,Banana,128.7,29.2,100.7,SSP (Single Super Phosphate)
14.6,80.3,29.4,Black,Sugarcane,91.5,97.4,98.7,No Fertilizer Needed
13.9,93.8,11.1,Black,Sugarcane,57.2,45.3,98.3,Balanced NPK 10-10-10
38.8,28.8,89.9,Loamy,Sugarcane,68.4,50.9,205.9,Balanced NPK 10-10-10
15.8,61.1,17.5,Clayey,Chickpea,0.4,2.0,35.5,DAP (Diammonium Phosphate)
19.9,95.5,37.7,Loamy,Orange,49.9,75.6,99.4,Balanced NPK 10-10-10
44.4,56.1,78.6,Loamy,Maize,113.1,149.4,122.4,No Fertilizer Needed
26.9,86.8,12.6,Red,Groundnut,45.8,20.5,75.6,SSP (Single Super Phosphate)
20.4,77.9,51.3,Sandy,Groundnut,89.8,7.0,79.9,SSP (Single Super Phosphate)
24.6,44.0,31.3,Black,Coconut,130.9,76.6,136.3,No Fertilizer Needed
30.4,71.0,79.1,Red,Mungbean,80.6,143.2,79.1,Balanced NPK 10-10-10
29.8,75.8,79.9,Sandy,Coffee,115.9,36.8,165.5,SSP (Single Super Phosphate)
15.8,89.9,71.8,Black,Coconut,38.3,85.5,219.4,Urea
18.5,69.9,11.1,Sandy,Grapes,125.7,86.9,167.3,No Fertilizer Needed
26.9,70.6,57.5,Sandy,Wheat,18.3,51.4,122.8,Urea
13.2,94.6,50.9,Sandy,Sugarcane,94.0,110.0,115.2,No Fertilizer Needed
10.4,96.6,57.6,Loamy,Lentil,65.1,105.9,13.9,MOP (Muriate of Potash)
36.1,70.1,16.6,Sandy,Coconut,84.3,118.2,212.9,No Fertilizer Needed
23.1,44.1,13.1,Loamy,Sugarcane,83.8,139.4,180.1,No Fertilizer Needed
40.0,83.4,75.1,Black,Rice,44.8,6.7,47.6,SSP (Single Super Phosphate)
10.6,82.0,76.9,Red,Wheat,79.4,136.8,219.6,No Fertilizer Needed
39.8,41.6,65.1,Clayey,Coconut,19.9,25.7,37.6,DAP (Diammonium Phosphate)
36.8,55.6,41.6,Red,Mungbean,9.6,138.4,107.4,Urea
39.0,78.0,36.7,Red,Groundnut,26.6,87.0,92.4,Urea
17.0,47.1,29.2,Loamy,Banana,90.1,102.4,58.0,Balanced NPK 10-10-10
27.4,64.7,64.8,Clayey,Banana,117.3,68.6,150.9,No Fertilizer Needed
31.6,46.8,17.3,Black,Mango,122.3,32.6,174.5,SSP (Single Super Phosphate)
44.6,93.0,76.6,Clayey,Lentil,47.9,81.5,137.7,No Fertilizer Needed
20.0,66.6,58.9,Black,Groundnut,96.8,70.5,109.2,Balanced NPK 10-10-10
34.8,43.7,51.8,Sandy,Jute,60.2,34.7,95.3,SSP (Single Super Phosphate)
33.3,83.3,39.7,Red,Lentil,116.3,99.4,143.4,No Fertilizer Needed
20.1,78.3,27.5,Loamy,Mothbeans,0.9,124.6,213.3,Urea
30.0,71.0,38.8,Clayey,Pomegranate,135.7,123.1,60.9,No Fertilizer Needed
10.4,56.1,20.3,Black,Wheat,31.2,7.1,46.2,DAP (Diammonium Phosphate)
15.9,80.7,46.1,Loamy,Maize,10.6,125.0,3.7,MOP (Muriate of Potash)
11.2,88.4,56.5,Clayey,Chickpea,42.6,119.4,150.2,No Fertilizer Needed
34.4,50.5,78.1,Black,Mothbeans,60.8,108.6,140.4,No Fertilizer Needed
17.5,93.7,25.0,Sandy,Blackgram,127.5,135.8,75.4,No Fertilizer Needed
27.4,78.8,11.3,Loamy,Apple,37.0,103.9,77.0,Urea
15.4,81.9,44.6,Loamy,Sugarcane,118.3,147.7,47.0,No Fertilizer Needed
40.4,67.0,24.7,Loamy,Wheat,41.7,4.7,70.3,SSP (Single Super Phosphate)
43.2,33.1,75.2,Clayey,Groundnut,34.3,119.1,183.6,Urea
18.9,33.7,14.1,Red,Wheat,25.7,102.1,125.7,Urea
39.5,45.5,64.1,Sandy,Grapes,48.4,51.0,9.4,MOP (Muriate of Potash)
21.5,68.2,24.6,Red,Mango,62.4,133.6,0.7,MOP (Muriate of Potash)
40.4,94.7,64.1,Clayey,Orange,16.9,29.1,212.3,DAP (Diammonium Phosphate)
34.0,57.3,86.6,Sandy,Blackgram,149.4,97.8,21.5,MOP (Muriate of Potash)
36.8,59.8,17.9,Black,Groundnut,121.1,20.1,130.3,SSP (Single Super Phosphate)
25.5,67.5,83.8,Clayey,Lentil,81.3,134.1,162.8,No Fertilizer Needed
30.8,70.5,72.9,Red,Pomegranate,40.5,141.2,192.7,No Fertilizer Needed
20.3,65.8,88.9,Loamy,Mothbeans,113.9,36.3,148.9,SSP (Single Super Phosphate)
24.4,24.6,47.9,Clayey,Papaya,47.1,102.3,162.3,No Fertilizer Needed
37.2,62.7,31.2,Black,Rice,121.3,16.0,83.8,SSP (Single Super Phosphate)
38.4,88.8,52.9,Black,Blackgram,43.2,110.4,28.3,MOP (Muriate of Potash)
22.9,76.4,34.3,Loamy,Coconut,20.5,124.5,72.9,Urea
37.3,63.0,81.8,Red,Maize,125.6,108.3,112.9,No Fertilizer Needed
28.2,84.2,17.1,Sandy,Cotton,100.4,0.6,213.5,SSP (Single Super Phosphate)
26.3,53.5,52.2,Clayey,Blackgram,51.5,130.6,80.3,No Fertilizer Needed
15.6,27.6,71.7,Loamy,Chickpea,149.4,2.6,64.8,SSP (Single Super Phosphate)
36.4,63.8,85.8,Loamy,Maize,8.0,108.9,193.3,Urea
21.9,26.1,23.7,Clayey,Chickpea,94.3,82.6,114.9,No Fertilizer Needed
10.6,49.9,75.0,Red,Rice,112.4,11.1,117.6,SSP (Single Super Phosphate)
31.6,80.2,70.7,Sandy,Orange,44.4,70.6,140.6,Balanced NPK 10-10-10
26.6,83.6,24.4,Black,Orange,72.3,82.1,55.5,Balanced NPK 10-10-10
29.1,29.7,78.8,Clayey,Wheat,95.0,39.9,1.8,SSP (Single Super Phosphate)
21.4,66.0,36.8,Sandy,Coconut,71.9,40.3,61.8,Balanced NPK 10-10-10
31.4,49.8,72.5,Sandy,Banana,83.4,69.6,109.0,Balanced NPK 10-10-10
27.3,37.1,86.8,Loamy,Chickpea,144.2,125.3,56.1,No Fertilizer Needed
43.3,62.6,12.6,Loamy,Orange,131.7,126.2,42.4,No Fertilizer Needed
36.3,26.6,81.0,Black,Banana,22.1,23.9,154.7,DAP (Diammonium Phosphate)
29.0,62.9,83.6,Loamy,Blackgram,138.8,7.5,79.1,SSP (Single Super Phosphate)
10.9,82.8,41.5,Clayey,Sugarcane,75.0,64.4,147.1,Balanced NPK 10-10-10
15.0,60.5,71.1,Red,Orange,141.9,106.1,176.0,No Fertilizer Needed
17.2,23.5,42.5,Sandy,Wheat,89.6,13.9,81.3,SSP (Single Super Phosphate)
27.9,94.4,44.9,Black,Mothbeans,134.0,33.6,199.2,SSP (Single Super Phosphate)
35.5,75.3,17.7,Red,Blackgram,55.4,105.9,67.6,Balanced NPK 10-10-10
10.9,67.7,10.1,Red,Cotton,11.7,69.3,101.9,Urea
12.4,82.0,82.5,Black,Banana,86.0,21.4,7.6,SSP (Single Super Phosphate)
30.7,90.8,89.4,Loamy,Chickpea,97.1,132.8,30.4,Balanced NPK 10-10-10
34.4,75.5,79.5,Clayey,Pomegranate,62.2,45.7,178.9,Balanced NPK 10-10-10
11.0,41.7,83.4,Loamy,Wheat,115.4,122.4,37.5,No Fertilizer Needed
17.1,68.1,64.8,Red,Jute,120.2,106.5,104.1,No Fertilizer Needed
13.1,86.3,35.0,Clayey,Chickpea,87.8,33.2,173.7,SSP (Single Super Phosphate)
43.9,90.0,16.2,Black,Banana,139.6,56.1,181.5,No Fertilizer Needed
13.2,98.2,43.0,Loamy,Apple,44.9,55.4,11.7,MOP (Muriate of Potash)
18.8,84.0,32.2,Sandy,Papaya,46.9,102.6,141.4,No Fertilizer Needed
19.5,25.1,42.5,Clayey,Mango,38.3,10.2,62.0,DAP (Diammonium Phosphate)
19.0,57.8,18.2,Clayey,Apple,77.6,90.7,209.5,No Fertilizer Needed
43.6,88.9,30.9,Clayey,Papaya,148.0,56.7,142.6,No Fertilizer Needed
32.0,74.9,29.3,Sandy,Maize,40.4,118.3,76.0,Balanced NPK 10-10-10
12.3,38.3,48.5,Red,Jute,30.9,12.6,20.3,NPK 20-20-20
11.3,40.8,51.1,Sandy,Lentil,133.5,86.3,105.8,No Fertilizer Needed
27.2,68.5,87.5,Sandy,Orange,125.4,124.5,143.3,No Fertilizer Needed
15.5,39.7,64.0,Red,Pomegranate,99.3,119.6,137.5,No Fertilizer Needed
33.4,38.9,54.8,Red,Lentil,88.1,27.7,0.5,SSP (Single Super Phosphate)
35.1,74.9,64.7,Sandy,Wheat,41.8,109.8,133.3,No Fertilizer Needed
40.6,45.6,69.2,Sandy,Grapes,130.3,40.4,91.3,No Fertilizer Needed
38.6,57.9,63.3,Red,Banana,85.1,119.6,38.2,Balanced NPK 10-10-10
25.3,49.2,75.1,Red,Rice,108.1,120.7,170.3,No Fertilizer Needed
28.4,20.3,85.4,Loamy,Mothbeans,92.7,87.1,202.6,No Fertilizer Needed
28.0,29.9,11.3,Clayey,Cotton,42.2,42.8,72.5,Balanced NPK 10-10-10
27.0,95.7,65.5,Black,Cotton,39.8,91.9,197.5,Urea
44.4,70.7,73.5,Red,Groundnut,106.0,28.6,111.8,SSP (Single Super Phosphate)
42.6,47.7,38.2,Loamy,Grapes,4.0,139.9,90.9,Urea
27.4,47.7,66.3,Black,Mungbean,115.5,51.7,181.8,No Fertilizer Needed
37.0,70.4,80.5,Loamy,Groundnut,86.5,118.6,53.5,Balanced NPK 10-10-10
28.0,54.2,68.2,Red,Pomegranate,56.0,6.3,197.6,SSP (Single Super Phosphate)
